time,latitude,longitude,depth,mag,magType,nst,gap,dmin,rms,net,id,updated,place,type,horizontalError,depthError,magError,magNst,status,locationSource,magSource
2015-02-01T02:48:20.000Z,-18.887,-69.309,112,4.6,mb,,,,1.02,us,usc000tknw,2022-07-27T18:12:47.363Z,"113 km ESE of Arica, Chile",earthquake,7.3,5.2,0.077,57,reviewed,guc,us
2015-02-01T04:36:36.250Z,-5.4513,151.5917,58.14,5,mb,,26,1.375,0.64,us,usc000tkp9,2022-07-27T18:13:44.686Z,"143 km SSW of Kokopo, Papua New Guinea",earthquake,8.3,3.9,0.068,90,reviewed,us,us
2015-02-01T05:53:47.060Z,13.2995,-91.9513,35,4.9,mb,,94,1.243,0.92,us,usc000tkpf,2015-05-02T14:06:23.040Z,"110 km S of Champerico, Guatemala",earthquake,7.7,1.9,0.03,370,reviewed,us,us
2015-02-01T07:01:55.760Z,-3.8036,101.7768,57.42,4.5,mb,,111,1.299,0.65,us,usc000tkpi,2015-05-02T14:07:27.040Z,"54 km W of Bengkulu, Indonesia",earthquake,4.7,7.2,0.124,23,reviewed,us,us
2015-02-01T11:20:25.640Z,56.6399,-169.0803,10,5.1,mwb,,28,0.836,0.84,us,usc000tkqa,2023-07-25T18:45:26.581Z,"28 km E of Saint George, Alaska",earthquake,4.7,1.8,0.069,20,reviewed,us,us
2015-02-01T11:41:46.490Z,-12.3801,166.7543,176.66,5.5,mwb,,28,3.079,0.57,us,usc000tkqd,2015-05-02T14:07:07.040Z,"186 km NNW of Sola, Vanuatu",earthquake,9.2,4,0.089,12,reviewed,us,us
2015-02-01T12:27:13.400Z,-2.9101,148.1922,13.63,4.8,mb,,82,1.192,1.11,us,usc000tkqj,2015-05-02T14:05:26.040Z,"140 km SE of Lorengau, Papua New Guinea",earthquake,7.7,4.9,0.121,23,reviewed,us,us
2015-02-01T13:19:22.100Z,-14.7099,167.3034,134.01,4.6,mb,,88,0.739,0.33,us,usc000tnde,2015-05-02T14:07:37.040Z,"44 km NE of Port-Olry, Vanuatu",earthquake,11.4,5.7,0.105,28,reviewed,us,us
2015-02-01T13:34:02.980Z,-21.2735,170.2648,7.64,5.7,mww,,49,3.641,0.83,us,usc000tkqs,2022-05-03T18:22:23.236Z,"217 km SSE of Isangel, Vanuatu",earthquake,7.5,3.2,,,reviewed,us,us
2015-02-01T13:41:10.380Z,-21.3777,170.2307,10,5,mb,,97,3.588,0.65,us,usc000tkqu,2015-05-02T14:07:19.040Z,"226 km SSE of Isangel, Vanuatu",earthquake,8.4,1.9,0.086,45,reviewed,us,us
2015-02-01T13:42:11.980Z,-20.8209,169.7156,10,5.1,mb,,128,17.728,0.86,us,usc000tndh,2015-05-02T14:07:37.040Z,"148 km SSE of Isangel, Vanuatu",earthquake,9.4,1.8,0.102,34,reviewed,us,us
2015-02-01T13:43:58.150Z,-21.7239,168.797,10,4.7,mb,,103,19.927,0.3,us,usc000tndg,2015-05-02T14:06:02.040Z,"96 km ESE of Tadine, New Caledonia",earthquake,19.1,2,0.246,8,reviewed,us,us
2015-02-01T14:02:31.000Z,-21.4512,170.1522,10.37,4.7,mb,,97,3.502,0.44,us,usc000tndj,2015-05-02T14:07:20.040Z,"230 km SSE of Isangel, Vanuatu",earthquake,8.8,5.3,0.121,26,reviewed,us,us
2015-02-01T14:10:54.810Z,-21.3672,170.0217,10,4.6,mb,,72,3.399,1.25,us,usc000tndi,2015-05-02T14:07:20.040Z,"216 km SSE of Isangel, Vanuatu",earthquake,9.6,1.9,0.145,18,reviewed,us,us
2015-02-01T14:26:16.190Z,-33.1843,-178.4901,16.32,4.6,mb,,161,5.091,0.6,us,usc000tndk,2015-05-02T14:07:14.040Z,"south of the Kermadec Islands",earthquake,14.7,2.2,0.151,14,reviewed,us,us
2015-02-01T15:36:50.350Z,-17.1561,-177.0154,40.49,4.7,mb,,140,4.743,0.28,us,usc000tndq,2015-05-02T14:05:41.040Z,"Fiji region",earthquake,8,10.1,0.246,8,reviewed,us,us
2015-02-01T16:20:36.680Z,-14.3399,-76.7374,11.49,4.6,mb,,160,2.34,0.5,us,usc000tndt,2015-05-02T14:06:09.040Z,"72 km SW of Paracas, Peru",earthquake,8.5,5.3,0.223,7,reviewed,us,us
2015-02-01T16:54:45.250Z,36.5447,70.9039,197.28,4.5,mb,,72,0.636,0.9,us,usc000tkrc,2015-05-02T14:05:50.040Z,"36 km S of Jurm, Afghanistan",earthquake,6.1,3.2,0.055,104,reviewed,us,us
2015-02-01T17:40:31.740Z,56.6568,-169.1363,10,5.3,mwb,,36,0.801,1.16,us,usc000tkrm,2023-07-25T18:46:25.656Z,"25 km ENE of Saint George, Alaska",earthquake,5.5,1.8,0.052,35,reviewed,us,us
2015-02-01T18:42:38.400Z,1.3669,97.1622,35.42,4.6,mb,,163,0.417,1.01,us,usc000tks2,2015-05-02T14:06:18.040Z,"Nias region, Indonesia",earthquake,9.4,10.5,0.119,23,reviewed,us,us
2015-02-01T18:51:47.030Z,-49.3915,-8.4085,10,4.8,mb,,112,17.965,1.26,us,usc000tks4,2015-05-02T14:07:25.040Z,"southern Mid-Atlantic Ridge",earthquake,7.2,1.9,0.149,16,reviewed,us,us
2015-02-01T19:52:15.120Z,-49.9242,-9.2099,10,4.6,mb,,111,17.264,1.08,us,usc000tne1,2015-05-02T14:07:26.040Z,"southern Mid-Atlantic Ridge",earthquake,14.1,1.9,0.164,11,reviewed,us,us
2015-02-01T19:55:43.320Z,15.4382,147.5704,31.8,4.6,mb,,139,1.721,0.96,us,usc000tks5,2015-05-02T14:06:03.040Z,"196 km E of Saipan, Northern Mariana Islands",earthquake,5.5,7.2,0.122,22,reviewed,us,us
2015-02-01T20:02:20.730Z,-49.3181,-8.1198,10,5.6,mwc,,112,22.56,1.12,us,usc000tksd,2022-05-03T17:12:02.058Z,"southern Mid-Atlantic Ridge",earthquake,11.8,1.9,,,reviewed,us,gcmt
2015-02-01T20:06:36.590Z,36.4862,3.0115,19.05,4.7,mb,,74,1.965,1.27,us,usc000tks8,2022-07-27T18:22:09.706Z,"5 km SSE of Bouinan, Algeria",earthquake,6,4.3,0.13,21,reviewed,us,us
2015-02-01T20:07:45.640Z,56.4566,-168.7883,10,4.6,mb,,38,2.77,1.18,us,usc000tksb,2023-07-25T18:46:56.346Z,"49 km ESE of Saint George, Alaska",earthquake,6,1.9,0.245,7,reviewed,us,us
2015-02-01T21:35:41.700Z,16.118,-99.176,12.5,4.5,mb,,,,1.22,us,usc000tksp,2015-05-02T14:06:23.040Z,"58 km SSW of Copala, Mexico",earthquake,8.5,5.4,0.048,144,reviewed,unm,us
2015-02-01T23:19:35.880Z,-9.0748,108.4509,33.49,4.5,mb,,67,1.635,0.86,us,usc000tktm,2015-05-02T14:07:12.040Z,"179 km SSW of Sidareja, Indonesia",earthquake,6.3,4.4,0.121,23,reviewed,us,us
2015-02-01T23:33:00.050Z,-3.9127,-76.6179,115.65,5.1,mb,,57,3.657,0.81,us,usc000tktr,2015-05-02T14:06:20.040Z,"52 km SSW of Alianza Cristiana, Peru",earthquake,7.8,4.8,0.024,591,reviewed,us,us
2015-02-01T23:51:25.880Z,3.9444,126.039,134.89,4.5,mb,,84,3.419,0.66,us,usc000tkui,2015-05-02T14:05:57.040Z,"173 km SSE of Sarangani, Philippines",earthquake,9.7,7.9,0.09,39,reviewed,us,us
2015-02-02T01:41:10.690Z,-20.7006,169.6901,30.08,4.6,mb,,155,3.318,0.91,us,usb000tnfc,2015-05-02T14:07:36.040Z,"135 km SSE of Isangel, Vanuatu",earthquake,13.6,8.9,0.183,10,reviewed,us,us
2015-02-02T01:41:57.060Z,56.613,-169.1573,10,4.5,mb,,60,0.823,1.27,us,usc000tkux,2023-07-25T18:49:06.998Z,"23 km E of Saint George, Alaska",earthquake,5.8,1.8,0.124,24,reviewed,us,us
2015-02-02T02:29:22.390Z,2.3978,125.948,53.43,4.6,mb,,102,2.149,1.22,us,usc000tkvb,2015-05-02T14:05:57.040Z,"147 km NE of Laikit, Laikit II (Dimembe), Indonesia",earthquake,5.9,8.5,0.123,21,reviewed,us,us
2015-02-02T02:41:55.700Z,-31.4571,-177.9013,10,4.8,mb,,116,2.204,0.87,us,usc000tkvd,2015-05-02T14:05:58.040Z,"Kermadec Islands region",earthquake,8.4,1.8,0.124,22,reviewed,us,us
2015-02-02T06:12:01.860Z,-27.0336,-176.5348,10,4.5,mb,,208,2.523,0.91,us,usc000tnpr,2015-05-02T14:05:58.040Z,"Kermadec Islands region",earthquake,13.2,2,0.172,11,reviewed,us,us
2015-02-02T07:20:47.020Z,-19.4791,169.4002,232.94,4.9,mb,,85,3.782,0.71,us,usc000tkwh,2015-05-02T14:07:36.040Z,"14 km ENE of Isangel, Vanuatu",earthquake,8.9,5.7,0.046,170,reviewed,us,us
2015-02-02T07:47:27.010Z,13.8648,124.4828,10,4.8,mb,,117,5.336,0.75,us,usc000tkwj,2015-05-02T14:05:34.040Z,"13 km NE of Gigmoto, Philippines",earthquake,11,1.8,0.077,59,reviewed,us,us
2015-02-02T08:25:48.510Z,-1.539,145.2141,14,5.9,mww,,12,2.208,0.73,us,usc000tkwl,2022-07-27T18:27:34.741Z,"235 km WNW of Lorengau, Papua New Guinea",earthquake,6.8,1.7,,,reviewed,us,us
2015-02-02T10:49:48.530Z,-32.7183,-67.1231,172,6.3,mww,,16,1.766,1,us,usc000tkwv,2022-07-27T18:29:27.588Z,"63 km W of Villa General Roca, Argentina",earthquake,7.4,1.8,,,reviewed,us,us
2015-02-02T11:04:28.130Z,3.9399,95.7867,35,4.9,mb,,132,1.725,0.74,us,usc000tkwy,2015-05-02T14:06:21.040Z,"43 km WSW of Meulaboh, Indonesia",earthquake,7.1,1.9,0.119,30,reviewed,us,us
2015-02-02T15:13:39.750Z,13.9766,124.5783,17,5.4,mwb,,76,3.536,1.39,us,usc000tkzl,2022-07-27T18:31:10.888Z,"29 km NE of Gigmoto, Philippines",earthquake,7.9,1.8,0.043,53,reviewed,us,us
2015-02-02T15:22:10.750Z,-22.3106,-70.9283,26,5,mwr,,94,0.721,0.99,us,usc000tkzr,2022-07-27T18:32:09.076Z,"79 km WSW of Tocopilla, Chile",earthquake,5.6,1.8,0.048,41,reviewed,us,us
2015-02-02T16:57:00.270Z,-27.9392,-67.9103,161.25,4.5,mb,,65,1.544,0.74,us,usc000tnq3,2015-05-02T14:05:34.040Z,"36 km WNW of Tinogasta, Argentina",earthquake,8.7,5.5,0.271,6,reviewed,us,us
2015-02-02T21:29:40.420Z,-6.1192,105.3624,43.17,5.2,mb,,29,2.344,1.27,us,usc000tl32,2015-05-02T14:07:30.040Z,"59 km WNW of Labuan, Indonesia",earthquake,6.4,4.3,0.059,100,reviewed,us,us
2015-02-02T21:31:08.910Z,14.1083,-89.782,179.15,4.6,mb,,126,0.5,1.09,us,usc000tl36,2015-05-02T14:05:49.040Z,"3 km WNW of Jerez, Guatemala",earthquake,8,5.3,0.076,58,reviewed,us,us
2015-02-02T22:34:13.280Z,-33.1468,179.4669,175.18,4.5,mb,,142,4.483,1.39,us,usc000tl48,2015-05-02T14:07:13.040Z,"south of the Kermadec Islands",earthquake,13.2,11.8,0.163,13,reviewed,us,us
2015-02-02T22:37:38.520Z,-21.4595,170.2621,14.64,5.4,mb,,79,3.601,1.49,us,usc000tl4e,2015-05-02T14:07:19.040Z,"235 km SSE of Isangel, Vanuatu",earthquake,8,2.5,0.056,116,reviewed,us,us
2015-02-02T23:51:41.970Z,36.8057,72.9535,62.2,4.5,mb,,68,1.93,1.28,us,usc000tl4z,2015-05-02T14:05:27.040Z,"58 km ESE of Khand?d, Afghanistan",earthquake,4.7,7.3,0.108,29,reviewed,us,us
2015-02-03T03:23:57.160Z,-55.3902,-28.071,31,4.5,mb,,96,4.99,0.66,us,usc000tnrs,2015-05-02T14:07:17.040Z,"South Sandwich Islands region",earthquake,12.9,5.2,0.171,12,reviewed,us,us
2015-02-03T04:21:58.640Z,-55.3544,-27.956,17.43,4.6,mb,,71,5.049,0.64,us,usc000tnr1,2015-05-02T14:07:16.040Z,"South Sandwich Islands region",earthquake,8.8,5.1,0.172,12,reviewed,us,us
2015-02-03T05:07:38.980Z,33.5045,132.7343,52.98,4.5,mb,,86,0.979,0.85,us,usc000tl6h,2015-05-02T14:07:08.040Z,"Shikoku, Japan",earthquake,6.2,9.7,0.382,6,reviewed,us,us
2015-02-03T06:10:33.910Z,-60.5637,-26.1968,10,4.7,mb,,100,14.468,1.04,us,usc000tnr0,2015-05-02T14:07:16.040Z,"South Sandwich Islands region",earthquake,7.6,1.8,0.102,31,reviewed,us,us
2015-02-03T07:16:53.890Z,52.2224,-168.6035,14,5.5,mww,,55,0.766,1.08,us,usc000tl6w,2023-07-25T19:10:49.409Z,"81 km SSE of Nikolski, Alaska",earthquake,4.3,1.7,,,reviewed,us,us
2015-02-03T07:27:22.250Z,52.2733,-168.611,10,5.3,mb,,65,0.715,1.22,us,usb000tntr,2023-07-25T19:10:50.604Z,"75 km SSE of Nikolski, Alaska",earthquake,4.7,1.8,0.028,432,reviewed,us,us
2015-02-03T11:48:18.160Z,-31.3862,-177.6896,10,5,mb,,135,2.144,1.36,us,usc000tnr6,2015-05-02T14:05:59.040Z,"Kermadec Islands region",earthquake,7.1,1.8,0.146,16,reviewed,us,us
2015-02-03T12:03:51.860Z,-13.182,166.6529,63.2,4.9,mb,,144,2.314,0.82,us,usc000tnr7,2015-05-02T14:07:38.040Z,"123 km NW of Sola, Vanuatu",earthquake,11.9,6.7,0.091,40,reviewed,us,us
2015-02-03T15:19:02.320Z,-56.7559,-150.7459,10,4.6,mb,,91,28.114,0.61,us,usc000tnrd,2015-05-02T14:06:33.040Z,"Pacific-Antarctic Ridge",earthquake,13.9,1.8,0.152,16,reviewed,us,us
2015-02-03T16:50:19.310Z,-25.7257,-176.1185,10,4.9,mb,,121,3.856,0.72,us,usc000tlb7,2015-05-02T14:07:11.040Z,"south of the Fiji Islands",earthquake,10.1,1.7,0.08,54,reviewed,us,us
2015-02-03T17:41:14.070Z,-7.1299,146.0417,157.77,4.6,mb,,44,2.516,0.87,us,usc000tlbi,2015-05-02T14:05:39.040Z,"66 km W of Bulolo, Papua New Guinea",earthquake,9.8,6.8,0.08,49,reviewed,us,us
2015-02-03T22:47:39.040Z,49.7805,87.6117,10,4.6,mb,,39,4.518,0.74,us,usc000tldt,2015-05-02T14:07:05.040Z,"15 km ENE of Belyashi, Russia",earthquake,7.3,1.9,0.072,64,reviewed,us,us
2015-02-04T01:51:33.180Z,-21.7255,-175.7163,41.71,5.2,mb,,45,6.035,1.17,us,usc000tler,2015-05-02T14:07:33.040Z,"81 km SW of Vaini, Tonga",earthquake,11.2,6.1,0.082,52,reviewed,us,us
2015-02-04T08:20:43.610Z,-25.7381,-175.8779,19,5.5,mwb,,52,3.939,1.25,us,usc000tlgc,2022-05-03T18:22:28.203Z,"south of Tonga",earthquake,8.6,1.8,0.035,80,reviewed,us,us
2015-02-04T09:58:46.460Z,-25.7379,-176.2753,78.31,4.5,mb,,121,3.789,0.57,us,usc000tp08,2015-05-02T14:07:12.040Z,"south of the Fiji Islands",earthquake,7.5,7,0.124,22,reviewed,us,us
2015-02-04T10:44:16.740Z,32.866,83.4305,10,5.1,mb,,38,8.547,0.73,us,usc000tlgv,2022-05-03T17:12:39.109Z,"western Xizang",earthquake,7.9,1.8,0.053,124,reviewed,us,us
2015-02-04T10:59:28.750Z,10.6804,-62.8349,110.51,5.1,mb,,62,1.801,0.64,us,usc000tlgx,2022-07-27T18:51:26.240Z,"45 km E of Carúpano, Venezuela",earthquake,6.2,5.4,0.027,491,reviewed,us,us
2015-02-04T11:46:51.470Z,-22.738,172.9157,49.37,4.5,mb,,127,6.025,0.87,us,usc000tp0c,2015-05-02T14:07:21.040Z,"southeast of the Loyalty Islands",earthquake,6.8,9.5,0.15,15,reviewed,us,us
2015-02-04T11:53:16.960Z,34.766,98.9802,14.87,4.7,mb,,39,8.348,0.66,us,usc000tlh2,2015-05-02T14:07:26.040Z,"Southern Qinghai, China",earthquake,8.7,4.4,0.077,60,reviewed,us,us
2015-02-04T12:56:51.090Z,-6.1365,112.9857,585.72,4.6,mb,,25,2.591,0.61,us,usc000tlh7,2015-05-02T14:05:54.040Z,"104 km NNE of Bangkalan, Indonesia",earthquake,10.4,6,0.068,68,reviewed,us,us
2015-02-04T13:15:22.540Z,-25.7629,-176.3499,49.15,4.9,mb,,134,3.741,0.67,us,usc000tlhe,2015-05-02T14:07:11.040Z,"south of the Fiji Islands",earthquake,11.3,3,0.095,37,reviewed,us,us
2015-02-04T16:14:10.060Z,-6.3002,146.7889,69.62,4.5,mb,,47,3.106,0.92,us,usc000tljd,2015-05-02T14:05:39.040Z,"52 km NNW of Lae, Papua New Guinea",earthquake,9,6.5,0.092,37,reviewed,us,us
2015-02-04T16:15:41.130Z,-23.7299,-179.6756,506.62,4.6,mb,,113,6.322,1.2,us,usc000tljf,2015-05-02T14:07:11.040Z,"south of the Fiji Islands",earthquake,12.4,3.1,0.081,50,reviewed,us,us
2015-02-04T17:41:44.610Z,-0.1337,124.9932,54.29,5.2,mb,,42,2.397,0.98,us,usc000tlkz,2015-05-02T14:06:05.040Z,"159 km S of Tondano, Indonesia",earthquake,7.3,0.9,0.051,134,reviewed,us,us
2015-02-04T17:45:15.040Z,-0.308,124.9527,42.71,4.7,mb,,65,2.299,1.14,us,usc000tp0k,2015-05-02T14:06:06.040Z,"178 km S of Tondano, Indonesia",earthquake,7.8,3.2,0.142,21,reviewed,us,us
2015-02-04T19:32:01.490Z,52.7969,160.6212,41.29,4.7,mb,,148,1.215,1.36,us,usc000tlpx,2015-05-02T14:06:21.040Z,"135 km ESE of Petropavlovsk-Kamchatsky, Russia",earthquake,9.1,8.1,0.075,60,reviewed,us,us
2015-02-05T00:27:55.450Z,-11.4016,66.3223,10,4.5,mb,,134,7.231,0.51,us,usb000tnk5,2015-05-04T22:47:40.040Z,"Mid-Indian Ridge",earthquake,10,1.8,0.15,15,reviewed,us,us
2015-02-05T01:17:00.060Z,-57.999,-25.2856,54.07,4.5,mb,,59,7.28,0.64,us,usc000tlwq,2015-05-04T22:47:40.040Z,"South Sandwich Islands region",earthquake,10.8,6.6,0.099,32,reviewed,us,us
2015-02-05T03:13:13.530Z,64.5443,-17.7707,7.98,4.6,mb,,114,1.544,0.62,us,usb000tnk2,2015-05-04T22:47:40.040Z,"127 km WNW of Höfn, Iceland",earthquake,7.9,4.7,0.173,15,reviewed,us,us
2015-02-05T04:21:50.900Z,8.24,-72.14,5,5.3,mww,,,,1.07,us,usc000tlui,2022-07-27T19:00:28.679Z,"12 km ENE of La Fría, Venezuela",earthquake,5.6,3.2,,,reviewed,car,us
2015-02-05T04:30:13.130Z,-33.6509,-178.8626,85.03,4.7,mb,,83,4.464,0.41,us,usc000tlul,2015-05-04T22:47:40.040Z,"south of the Kermadec Islands",earthquake,9.3,6.2,0.16,14,reviewed,us,us
2015-02-05T04:40:51.480Z,5.222,-82.6217,3.95,5.7,mww,,63,4.794,0.39,us,usc000tlun,2022-05-03T17:12:50.491Z,"south of Panama",earthquake,6.7,3.3,,,reviewed,us,us
2015-02-05T05:38:57.800Z,8.2948,-72.1265,10,4.6,mwr,,32,1.587,0.8,us,usc000tluz,2022-07-27T19:01:30.618Z,"16 km ENE of La Fría, Venezuela",earthquake,6.1,1.8,,,reviewed,us,car
2015-02-05T07:42:53.560Z,5.2785,-82.6723,10,4.6,mb,,77,4.778,0.98,us,usc000tlvt,2015-05-04T22:47:40.040Z,"south of Panama",earthquake,2.5,1.9,0.087,45,reviewed,us,us
2015-02-05T07:46:56.030Z,-14.9826,-177.1089,10,4.7,mb,,67,5.395,0.35,us,usc000tlvx,2015-05-04T22:47:41.040Z,"131 km SE of Alo, Wallis and Futuna",earthquake,13.8,1.9,0.082,45,reviewed,us,us
2015-02-05T12:19:53.860Z,-19.1723,168.53,61.49,4.7,mb,,78,3.484,0.73,us,usc000tlwp,2015-05-04T22:47:41.040Z,"88 km WNW of Isangel, Vanuatu",earthquake,6.4,6.5,0.148,16,reviewed,us,us
2015-02-05T13:32:54.840Z,-21.8092,89.7034,10,5.3,mb,,49,11.744,0.86,us,usc000tlws,2015-05-04T22:47:41.040Z,"South Indian Ocean",earthquake,10.1,1.7,0.062,94,reviewed,us,us
2015-02-05T14:11:09.300Z,15.704,-92.29,227.2,4.7,mb,,,,1.73,us,usc000tlx2,2022-07-27T19:07:56.102Z,"2 km NE of Piedra Labrada, Mexico",earthquake,6.9,5.8,0.066,69,reviewed,unm,us
2015-02-05T17:00:00.980Z,22.5494,118.4165,7,4.5,mb,,137,1.905,0.67,us,usb000tnk6,2015-05-04T22:47:41.040Z,"164 km SW of Magong, Taiwan",earthquake,6.4,6.6,0.241,6,reviewed,us,us
2015-02-05T17:55:36.440Z,-33.0744,-178.5743,16.92,4.6,mb,,158,3.857,0.82,us,usb000tnkm,2015-05-04T22:47:41.040Z,"south of the Kermadec Islands",earthquake,11.5,2.3,0.172,11,reviewed,us,us
2015-02-05T18:19:27.830Z,-7.5204,128.3724,138.78,5,mb,,38,2.936,0.74,us,usc000tmia,2015-05-04T22:47:41.040Z,"187 km NE of Lospalos, Timor Leste",earthquake,7.7,4.9,0.067,73,reviewed,us,us
2015-02-05T18:58:40.610Z,-17.2594,-174.0408,107.91,4.5,mb,,126,3.981,0.69,us,usb000tnjt,2015-05-04T22:47:41.040Z,"146 km S of Hihifo, Tonga",earthquake,12.7,9.4,0.163,12,reviewed,us,us
2015-02-05T20:28:43.080Z,38.5955,141.9203,56.97,4.5,mb,,93,1.148,0.55,us,usc000tmji,2015-05-04T22:47:42.040Z,"55 km SSE of ?funato, Japan",earthquake,6.7,5.1,0.11,27,reviewed,us,us
2015-02-05T21:50:56.620Z,11.0794,-62.05,81.67,4.6,mb,,33,1.116,1.12,us,usc000tmka,2022-07-27T19:09:41.234Z,"61 km NNE of Güiria, Venezuela",earthquake,6.5,5.9,0.044,157,reviewed,us,us
2015-02-05T22:17:27.640Z,-7.1397,129.1521,177.35,4.5,mb,,69,2.287,0.87,us,usc000tmki,2015-05-04T22:47:42.040Z,"282 km ENE of Lospalos, Timor Leste",earthquake,8,3.5,0.094,34,reviewed,us,us
2015-02-06T01:25:11.750Z,33.757,134.3989,10.8,4.7,mwr,,77,0.436,0.54,us,usc000tmlt,2022-07-27T19:13:33.718Z,"29 km SW of Anan, Japan",earthquake,5,4.1,0.068,21,reviewed,us,us
2015-02-06T02:45:36.070Z,-16.9917,-173.8733,66.01,4.7,mb,,54,4.288,0.95,us,usc000tmlx,2015-05-04T22:47:42.040Z,"115 km S of Hihifo, Tonga",earthquake,11.6,6.5,0.083,67,reviewed,us,us
2015-02-06T03:06:02.820Z,-33.6406,179.4274,14.31,4.6,mb,,127,4.018,0.78,us,usb000tnm4,2015-05-04T22:47:42.040Z,"south of the Kermadec Islands",earthquake,11.4,5.6,0.206,11,reviewed,us,us
2015-02-06T03:48:11.940Z,64.6159,-17.7092,7.16,4.7,mb,,76,1.561,0.92,us,usc000tmm7,2015-05-04T22:47:42.040Z,"120 km S of Akureyri, Iceland",earthquake,7.3,3.8,0.052,140,reviewed,us,us
2015-02-06T08:03:19.400Z,9.5477,126.2629,77.24,5.2,mb,,93,2.553,0.83,us,usc000tmmq,2022-07-27T19:14:36.618Z,"Mindanao, Philippines",earthquake,8.9,6.7,0.06,96,reviewed,us,us
2015-02-06T08:32:09.400Z,17.066,-95.413,111.6,4.5,mb,,,,1.12,us,usc000tmmv,2022-07-27T19:16:32.413Z,"5 km NE of San Juan Mazatlán, Mexico",earthquake,8.1,7.5,0.069,61,reviewed,unm,us
2015-02-06T08:52:28.610Z,38.7493,15.098,245.41,4.8,mb,,43,0.792,1.06,us,usc000tmn0,2015-05-04T22:47:43.040Z,"28 km NE of Santa Marina Salina, Italy",earthquake,6.8,6.4,0.068,74,reviewed,us,us
2015-02-06T09:39:05.610Z,9.5019,126.3142,62.75,4.9,mb,,63,2.523,0.76,us,usc000tmn4,2022-05-03T17:12:58.338Z,"28 km NNE of Cortes, Philippines",earthquake,8.9,6.7,0.059,92,reviewed,us,us
2015-02-06T16:18:06.630Z,51.9257,178.0611,150.62,4.5,mb,,159,0.279,0.89,us,usc000tmpr,2023-07-25T19:23:50.907Z,"Rat Islands, Aleutian Islands, Alaska",earthquake,11.3,7.6,0.065,79,reviewed,us,us
2015-02-06T17:39:49.880Z,-20.5637,172.5813,42.22,4.8,mb,,118,5.882,1.02,us,usb000tnlr,2015-05-04T22:47:45.040Z,"Vanuatu region",earthquake,10.3,7,0.143,19,reviewed,us,us
2015-02-06T18:38:30.590Z,-31.3234,-177.6515,10,4.8,mb,,138,2.085,1.12,us,usb000tnmr,2015-05-04T22:47:45.040Z,"Kermadec Islands region",earthquake,9.8,1.9,0.135,20,reviewed,us,us
2015-02-06T18:40:00.700Z,52.4781,172.4883,31.51,4.5,mb,,178,1.016,0.75,us,usb000tnma,2015-05-04T22:47:45.040Z,"62 km SW of Attu Station, Alaska",earthquake,9.8,9.5,0.124,20,reviewed,us,us
2015-02-06T19:01:36.030Z,-8.6095,118.3212,134.42,4.5,mb,,76,3.843,1.07,us,usc000tmt0,2015-05-04T22:47:45.040Z,"17 km WSW of Dompu, Indonesia",earthquake,7.5,4.5,0.136,20,reviewed,us,us
2015-02-06T19:37:22.180Z,-6.5481,148.1337,52.42,4.6,mb,,83,2.997,0.73,us,usb000tnmn,2015-05-04T22:47:45.040Z,"31 km E of Finschhafen, Papua New Guinea",earthquake,13.1,7.5,0.119,22,reviewed,us,us
2015-02-06T21:01:07.800Z,28.3512,104.8941,10,5,mb,,34,3.747,0.76,us,usc000tmuq,2015-05-04T22:47:45.040Z,"20 km ESE of Xunchang, China",earthquake,7.4,1.8,0.051,128,reviewed,us,us
2015-02-06T22:02:28.120Z,12.5438,-87.7218,77.39,5.4,mww,,33,0.673,0.89,us,usc000tmvl,2022-07-27T19:27:31.760Z,"36 km SW of Jiquilillo, Nicaragua",earthquake,6.1,4.5,,,reviewed,us,us
2015-02-06T22:07:30.480Z,-11.4701,161.9981,40.8,4.7,mb,,69,2.853,0.78,us,usc000tmw6,2015-05-04T22:47:45.040Z,"112 km S of Kirakira, Solomon Islands",earthquake,5.2,6.7,0.09,40,reviewed,us,us
2015-02-07T01:56:23.370Z,41.8339,20.1526,21.31,4.6,mb,,41,0.532,0.74,us,usc000tmxy,2022-07-27T19:28:24.644Z,"8 km NE of Kurbnesh, Albania",earthquake,1.8,4.8,0.085,41,reviewed,us,us
2015-02-07T02:29:59.000Z,-27.998,-66.668,177,4.5,mb,,,,1.4,us,usc000tmy4,2022-07-27T19:29:24.814Z,"55 km SE of Londres, Argentina",earthquake,6.3,4.7,0.172,15,reviewed,sja,us
2015-02-07T10:24:10.250Z,-21.8435,-172.7067,10,4.5,mb,,136,3.79,0.63,us,usb000tp0a,2015-05-04T22:47:46.040Z,"239 km ESE of ‘Ohonua, Tonga",earthquake,14.4,1.9,0.14,20,reviewed,us,us
2015-02-07T12:11:20.660Z,13.9824,-92.1746,47.49,4.5,mb,,184,0.711,1.22,us,usc000tn0k,2015-05-04T22:47:46.040Z,"44 km SW of Champerico, Guatemala",earthquake,8,7.4,0.052,118,reviewed,us,us
2015-02-07T13:19:44.350Z,2.0882,127.4682,75.61,4.7,mb,,139,1.311,0.97,us,usc000tn0u,2015-05-04T22:47:46.040Z,"72 km WNW of Tobelo, Indonesia",earthquake,13,10.3,0.12,24,reviewed,us,us
2015-02-07T16:40:06.810Z,43.5235,135.7786,350.33,4.6,mb,,22,2.823,1.01,us,usc000tn1e,2015-05-04T22:47:47.040Z,"46 km ESE of Ol’ga, Russia",earthquake,6.7,6.4,0.057,96,reviewed,us,us
2015-02-07T17:47:15.570Z,21.893,120.557,33.59,4.8,mb,,78,1.039,1.23,us,usc000tn1t,2015-05-04T22:47:47.040Z,"22 km WSW of Hengchun, Taiwan",earthquake,6.2,4.8,0.07,67,reviewed,us,us
2015-02-07T18:40:54.370Z,-17.8248,168.7535,228.48,4.8,mb,,67,2.792,0.85,us,usb000tnzx,2015-05-04T22:47:47.040Z,"47 km ESE of Port-Vila, Vanuatu",earthquake,8.8,4.4,0.115,26,reviewed,us,us
2015-02-07T18:53:25.520Z,-3.4372,135.6166,42.96,5.2,mb,,18,3.401,0.78,us,usc000tn2m,2015-05-04T22:47:47.040Z,"15 km ESE of Nabire, Indonesia",earthquake,7.4,4.9,0.054,118,reviewed,us,us
2015-02-07T19:30:54.820Z,-55.5897,-25.9167,10,4.5,mb,,93,6.232,1.24,us,usb000tp0k,2015-05-04T22:47:47.040Z,"South Sandwich Islands region",earthquake,11.9,1.7,0.192,10,reviewed,us,us
2015-02-07T21:32:12.610Z,-56.7912,-141.5407,10,4.8,mb,,88,31.47,0.57,us,usb000tp0f,2015-05-04T22:47:47.040Z,"Pacific-Antarctic Ridge",earthquake,9.9,1.8,0.125,21,reviewed,us,us
2015-02-07T23:35:59.360Z,36.8267,73.2398,49.29,4.5,mb,,55,2.153,0.7,us,usc000tn4j,2015-05-04T22:47:47.040Z,"83 km E of Khand?d, Afghanistan",earthquake,6.9,6.7,0.099,36,reviewed,us,us
2015-02-08T00:35:47.610Z,-24.2381,-179.4128,416,4.6,mb,,81,5.16,1.02,us,usc000tn4t,2015-05-04T22:47:47.040Z,"south of the Fiji Islands",earthquake,9,6.4,0.07,64,reviewed,us,us
2015-02-08T01:24:30.300Z,-17.2271,168.2533,35,4.5,mb,,81,2.037,0.49,us,usb000tp2b,2015-05-04T22:47:47.040Z,"56 km N of Port-Vila, Vanuatu",earthquake,8.8,2,0.18,12,reviewed,us,us
2015-02-08T12:19:47.400Z,14.399,-92.5759,67.2,4.6,mb,,,,2.18,us,usc000tn6r,2015-05-04T22:47:48.040Z,"39 km SSW of Puerto Madero, Mexico",earthquake,6.4,5.5,0.041,175,reviewed,unm,us
2015-02-08T12:46:43.430Z,43.388,147.327,55.53,4.9,mb,,95,3.365,0.61,us,usc000tn6u,2015-05-04T22:47:48.040Z,"66 km SE of Shikotan, Russia",earthquake,8.8,6,0.044,183,reviewed,us,us
2015-02-08T13:22:25.190Z,-15.1984,-173.2178,10,4.7,mb,,61,4.976,1.01,us,usb000tp2l,2015-05-04T22:47:48.040Z,"104 km NE of Hihifo, Tonga",earthquake,11.1,1.8,0.115,26,reviewed,us,us
2015-02-08T14:33:32.060Z,-30.3213,-177.6052,16.35,4.5,mb,,195,1.108,0.54,us,usb000tp29,2015-05-04T22:47:48.040Z,"Kermadec Islands, New Zealand",earthquake,14,8.2,0.15,14,reviewed,us,us
2015-02-08T15:09:08.950Z,-2.4318,119.3699,37.28,5.6,mwb,,34,2.593,0.67,us,usc000tn7f,2024-06-16T23:48:35.957Z,"60 km ENE of Mamuju, Indonesia",earthquake,6.3,5.2,0.063,24,reviewed,us,us
2015-02-08T15:22:10.130Z,-34.1038,179.0717,212.46,4.9,mb,,41,3.506,1.26,us,usc000tn7h,2015-05-04T22:47:48.040Z,"south of the Kermadec Islands",earthquake,10.4,5.8,0.119,23,reviewed,us,us
2015-02-08T15:54:09.660Z,-23.1011,169.9452,20.55,4.6,mb,,149,3.394,0.98,us,usb000tp2j,2015-05-04T22:47:48.040Z,"255 km E of Vao, New Caledonia",earthquake,13,5.7,0.173,12,reviewed,us,us
2015-02-08T16:28:31.910Z,-5.4237,147.0067,194.89,4.6,mb,,54,3.377,0.44,us,usc000tn7q,2015-05-04T22:47:48.040Z,"137 km E of Madang, Papua New Guinea",earthquake,5,8.4,0.117,26,reviewed,us,us
2015-02-08T16:29:51.920Z,35.2098,141.9198,22.96,4.6,mb,,144,1.737,0.85,us,usb000tp2a,2015-05-04T22:47:48.040Z,"114 km ESE of Hasaki, Japan",earthquake,8.5,6.8,0.314,6,reviewed,us,us
2015-02-08T17:32:19.030Z,44.7226,124.0312,16.85,4.5,mb,,117,3.969,0.95,us,usb000tp2k,2024-06-16T23:47:47.081Z,"50 km N of Changling, China",earthquake,10,3.9,0.163,12,reviewed,us,us
2015-02-08T17:44:10.300Z,-57.9667,-25.4761,51.8,4.6,mb,,99,7.174,0.98,us,usb000tp2c,2015-05-04T22:47:49.040Z,"South Sandwich Islands region",earthquake,8.3,8.2,0.152,14,reviewed,us,us
2015-02-08T18:31:57.050Z,-20.4447,-177.609,539.54,4.8,mb,,113,4.902,0.52,us,usc000tn88,2015-05-04T22:47:49.040Z,"261 km WNW of Haveluloto, Tonga",earthquake,15.6,9.1,0.113,26,reviewed,us,us
2015-02-09T01:45:03.110Z,31.5236667,-115.6743333,12.503,4.89,mw,6,134,0.5093,0.15,ci,ci37314320,2023-07-31T18:07:31.625Z,"87km ESE of Maneadero, B.C., MX",earthquake,0.78,31.61,,6,reviewed,ci,ci
2015-02-09T02:40:15.220Z,18.5727,121.2191,69.31,4.6,mb,,115,1.248,1.43,us,us100009w0,2015-05-04T22:47:50.040Z,"7 km SE of Namuac, Philippines",earthquake,3,8.3,0.1,32,reviewed,us,us
2015-02-09T05:48:17.590Z,-31.5282,-178.5843,10,4.5,mb,,166,2.345,0.48,us,usb000tp3s,2015-05-04T22:47:50.040Z,"Kermadec Islands region",earthquake,12.7,2,0.191,9,reviewed,us,us
2015-02-09T07:59:31.550Z,0.203,-17.1288,10,5.3,mb,,42,8.54,0.71,us,usc000tnbc,2015-05-04T22:47:50.040Z,"north of Ascension Island",earthquake,8.7,1.8,0.035,281,reviewed,us,us
2015-02-09T08:39:28.590Z,-2.4446,119.4633,48.75,4.5,mb,,110,2.568,0.7,us,usc000tnbl,2015-05-04T22:47:50.040Z,"69 km ENE of Mamuju, Indonesia",earthquake,5.6,9.5,0.128,19,reviewed,us,us
2015-02-09T08:54:53.030Z,-5.038,152.7179,54.93,4.6,mb,,110,1.006,0.67,us,usb000tp3y,2015-05-04T22:47:50.040Z,"91 km SSE of Kokopo, Papua New Guinea",earthquake,10.1,6.8,0.114,24,reviewed,us,us
2015-02-09T09:22:14.180Z,2.7811,124.3414,322.49,4.5,mb,,66,3.623,0.8,us,usc000tnbn,2015-05-04T22:47:50.040Z,"154 km NNW of Manado, Indonesia",earthquake,6.9,6.9,0.097,33,reviewed,us,us
2015-02-09T10:27:49.060Z,-20.4503,-178.0705,558.74,4.6,mb,,123,4.547,0.7,us,usc000tnbw,2015-05-04T22:47:50.040Z,"Fiji region",earthquake,12.4,8.3,0.078,54,reviewed,us,us
2015-02-09T11:04:38.850Z,2.3061,-96.9252,10,4.7,mb,,86,14.294,0.77,us,usc000tnc0,2015-05-04T22:47:50.040Z,"west of the Galapagos Islands",earthquake,9.4,1.9,0.058,101,reviewed,us,us
2015-02-09T11:27:33.230Z,-60.3307,-25.5002,30.37,4.7,mb,,124,14.5,0.58,us,usb000tp3n,2015-05-04T22:47:50.040Z,"South Sandwich Islands region",earthquake,18.9,6.2,0.147,14,reviewed,us,us
2015-02-09T12:50:06.100Z,-20.5304,172.4675,48.1,5,mb,,117,5.822,0.68,us,usc000tnc4,2015-05-04T22:47:50.040Z,"Vanuatu region",earthquake,5,6.9,0.097,42,reviewed,us,us
2015-02-09T14:13:06.360Z,10.1025,92.9256,43.86,4.7,mb,,96,1.553,0.81,us,usc000tncd,2015-05-04T22:47:50.040Z,"174 km S of Port Blair, India",earthquake,8.7,7,0.11,26,reviewed,us,us
2015-02-09T14:43:23.400Z,-16.7824,-174.2234,35,4.5,mb,,222,4.683,0.7,us,usb000tp3u,2015-05-04T22:47:50.040Z,"102 km SSW of Hihifo, Tonga",earthquake,9,2,0.192,9,reviewed,us,us
2015-02-09T15:14:58.800Z,-11.5227,167.0134,40.27,4.8,mb,,144,3.905,0.55,us,usc000tnck,2015-05-04T22:47:50.040Z,"159 km ESE of Lata, Solomon Islands",earthquake,6.9,9,0.135,18,reviewed,us,us
2015-02-09T15:34:47.280Z,56.645,-169.0017,8.45,4.5,mb,,57,0.866,0.45,us,usb000tnw8,2023-07-25T19:31:19.394Z,"33 km E of Saint George, Alaska",earthquake,6,4.4,0.1,33,reviewed,us,us
2015-02-09T16:06:00.400Z,-11.6291,167.1819,55.37,4.5,mb,,126,3.795,0.59,us,usb000tp42,2015-05-04T22:47:51.040Z,"181 km ESE of Lata, Solomon Islands",earthquake,11.3,10.1,0.221,8,reviewed,us,us
2015-02-09T16:45:29.720Z,1.7135,126.3776,10,4.6,mb,,126,1.361,0.22,us,usb000tp43,2015-05-04T22:47:51.040Z,"151 km NW of Ternate, Indonesia",earthquake,10.7,2,0.173,11,reviewed,us,us
2015-02-09T18:35:10.940Z,-11.5433,167.0073,51.04,4.6,mb,,150,3.885,0.8,us,usb000tp3c,2015-05-04T22:47:51.040Z,"160 km SE of Lata, Solomon Islands",earthquake,10.5,7,0.102,31,reviewed,us,us
2015-02-09T22:20:09.530Z,79.6769,4.0039,10,4.5,mb,,80,1.667,1.31,us,usb000tp3l,2015-05-04T22:47:51.040Z,"296 km WNW of Longyearbyen, Svalbard and Jan Mayen",earthquake,8.5,1.9,0.181,11,reviewed,us,us
2015-02-10T03:18:56.660Z,64.5473,-17.6288,8.6,4.6,mb,,83,1.604,0.31,us,us10000a0b,2015-05-04T22:47:52.040Z,"121 km WNW of Höfn, Iceland",earthquake,5.9,3.4,0.087,43,reviewed,us,us
2015-02-10T08:22:18.560Z,-2.4503,119.4178,47.38,4.6,mb,,73,2.568,0.87,us,usc000tnmh,2015-05-04T22:47:52.040Z,"64 km ENE of Mamuju, Indonesia",earthquake,7.1,9.5,0.119,22,reviewed,us,us
2015-02-10T08:56:29.860Z,37.1685,30.0058,5,4.5,mb,,,,0.76,us,usc000tnmn,2015-05-04T22:47:52.040Z,"20 km NW of Korkuteli, Turkey",earthquake,6.3,4.6,0.083,42,reviewed,isk,us
2015-02-10T09:00:38.090Z,-4.8298,145.1298,75.76,4.8,mb,,104,3.556,0.85,us,usc000tnms,2022-07-28T02:48:07.315Z,"84 km WNW of Madang, Papua New Guinea",earthquake,6,7.1,0.086,43,reviewed,us,us
2015-02-10T10:20:11.710Z,-20.7484,170.11,10,4.5,mb,,95,3.661,1.24,us,usb000tppy,2015-05-04T22:47:52.040Z,"159 km SSE of Isangel, Vanuatu",earthquake,9.9,1.9,0.171,11,reviewed,us,us
2015-02-10T10:29:31.580Z,-20.3072,-177.7809,505.82,4.6,mb,,98,4.693,1.11,us,usc000tnn3,2015-05-04T22:47:52.040Z,"283 km WNW of Haveluloto, Tonga",earthquake,12.8,7.5,0.088,38,reviewed,us,us
2015-02-10T12:27:06.000Z,-28.163,-71.13,35.4,4.5,mb,,,,1.44,us,usc000tnn6,2015-05-04T22:47:52.040Z,"58 km NW of Vallenar, Chile",earthquake,5.9,2.6,0.242,6,reviewed,guc,us
2015-02-10T13:29:21.640Z,55.1353,-159.4395,20.04,4.7,mb,,127,0.631,1.06,us,usc000tnna,2023-07-25T19:34:36.291Z,"71 km ESE of Sand Point, Alaska",earthquake,3,5.7,0.087,48,reviewed,us,us
2015-02-10T13:29:38.360Z,11.2338,126.182,10,5.4,mww,,77,8.379,0.85,us,usc000tnnb,2016-11-10T21:46:22.283Z,"50 km NE of Sulangan, Philippines",earthquake,8.1,1.7,,,reviewed,us,us
2015-02-10T13:46:58.790Z,-25.3283,179.5752,517.13,4.6,mb,,77,4.489,0.85,us,usc000tnnl,2015-05-04T22:47:52.040Z,"south of the Fiji Islands",earthquake,11,6.5,0.058,102,reviewed,us,us
2015-02-10T14:47:50.520Z,9.7244,57.5806,10,5.4,mww,,76,4.488,0.78,us,usc000tnnx,2016-11-10T21:46:22.874Z,"Carlsberg Ridge",earthquake,7.7,1.8,,,reviewed,us,us
2015-02-10T15:01:58.700Z,-20.9906,169.6641,83.27,4.5,mb,,72,3.185,1,us,usb000tppm,2015-05-04T22:47:53.040Z,"165 km SSE of Isangel, Vanuatu",earthquake,10.2,5.3,0.205,10,reviewed,us,us
2015-02-10T16:09:24.080Z,14.0028,120.6226,134.89,5.1,mb,,29,0.32,0.8,us,usc000tnp2,2022-07-27T20:14:10.330Z,"3 km W of Prinza, Philippines",earthquake,6.1,4,0.042,187,reviewed,us,us
2015-02-10T17:25:47.900Z,-33.1283,-178.131,35.35,4.7,mb,,166,3.874,1.06,us,usb000tppe,2015-05-04T22:47:53.040Z,"south of the Kermadec Islands",earthquake,9.5,4.1,0.123,20,reviewed,us,us
2015-02-10T17:40:17.590Z,-33.5703,-178.0596,72.02,4.5,mb,,233,4.963,1.01,us,usb000tpq2,2015-05-04T22:47:53.040Z,"south of the Kermadec Islands",earthquake,15.6,13.4,0.205,8,reviewed,us,us
2015-02-10T18:57:33.110Z,2.1256,89.8518,16.5,4.8,mb,,181,7.722,0.62,us,usb000tpq6,2015-05-04T22:47:53.040Z,"North Indian Ocean",earthquake,6.9,6.2,0.277,5,reviewed,us,us
2015-02-10T19:23:47.400Z,38.2456,141.8279,47.08,4.6,mb,,92,0.901,0.63,us,usc000tnt2,2015-05-04T22:47:53.040Z,"49 km ESE of Ishinomaki, Japan",earthquake,5,4.8,0.082,49,reviewed,us,us
2015-02-10T21:28:56.250Z,1.8347,-97.0848,10,4.7,mb,,119,14.632,0.48,us,usc000tnui,2015-05-04T22:47:53.040Z,"west of the Galapagos Islands",earthquake,13.6,1.9,0.072,62,reviewed,us,us
2015-02-11T03:30:11.780Z,13.2332,92.3474,20.15,5.1,mwb,,46,8.1,0.47,us,usc000tnwj,2022-07-27T20:22:21.063Z,"174 km NNW of Bamboo Flat, India",earthquake,8.1,3.6,0.061,26,reviewed,us,us
2015-02-11T04:34:45.740Z,-6.1915,102.8594,10,4.5,mb,,117,1.821,0.57,us,usb000tpzx,2015-05-04T22:47:54.040Z,"243 km S of Pagar Alam, Indonesia",earthquake,7.6,1.9,0.171,11,reviewed,us,us
2015-02-11T05:11:34.000Z,-34.205,-71.832,44.2,4.5,mwr,,,,1.06,us,usc000tnx2,2022-07-27T20:23:13.250Z,"64 km NW of Santa Cruz, Chile",earthquake,5.1,4.6,0.062,25,reviewed,guc,us
2015-02-11T05:20:12.860Z,13.5712,-90.7773,59.13,4.5,mb,,77,1.3,1.22,us,usc000tnx9,2022-07-27T20:30:42.891Z,"39 km S of Puerto San José, Guatemala",earthquake,7.9,4.2,0.076,60,reviewed,us,us
2015-02-11T06:11:41.630Z,-12.2055,166.7353,169.83,4.6,mb,,57,3.254,0.81,us,usb000tq08,2015-05-04T22:47:54.040Z,"193 km SSE of Lata, Solomon Islands",earthquake,13.2,7.2,0.132,18,reviewed,us,us
2015-02-11T07:11:55.910Z,-55.1197,-30.8521,34.39,4.5,mb,,122,3.375,0.74,us,usb000tpzz,2015-05-04T22:47:54.040Z,"South Sandwich Islands region",earthquake,13.7,5.5,0.18,14,reviewed,us,us
2015-02-11T13:01:15.810Z,-23.5605,-66.7204,202.49,5.5,mww,,25,2.227,0.91,us,usc000tnz0,2022-05-03T17:13:04.032Z,"83 km NNW of San Antonio de los Cobres, Argentina",earthquake,7.6,3.5,,,reviewed,us,us
2015-02-11T14:15:07.450Z,-14.5986,-174.0905,35,4.5,mb,,151,23.747,0.84,us,usb000tq0h,2015-05-04T22:47:54.040Z,"153 km NNW of Hihifo, Tonga",earthquake,11.9,2,0.382,3,reviewed,us,us
2015-02-11T14:32:20.400Z,1.1219,97.9509,35.5,4.7,mb,,81,0.416,0.92,us,usc000tnzc,2015-05-04T22:47:54.040Z,"114 km SW of Sibolga, Indonesia",earthquake,5.9,6.6,0.09,44,reviewed,us,us
2015-02-11T14:48:45.800Z,-2.317,100.6742,61.48,4.6,mb,,97,2.65,0.89,us,usc000tnzf,2015-05-04T22:47:54.040Z,"84 km WSW of Sungai Penuh, Indonesia",earthquake,9.3,7,0.109,28,reviewed,us,us
2015-02-11T15:56:28.860Z,-0.1058,123.8874,111.33,4.5,mb,,53,1.452,1.06,us,usc000tnzt,2015-05-04T22:47:55.040Z,"116 km SE of Gorontalo, Indonesia",earthquake,8.1,6.4,0.127,21,reviewed,us,us
2015-02-11T17:07:17.500Z,-30.1665,-71.6112,56.43,4.7,mb,,54,0.703,1.22,us,usc000tp13,2015-05-04T22:47:55.040Z,"35 km SW of Coquimbo, Chile",earthquake,4.2,5.5,0.209,8,reviewed,us,us
2015-02-11T18:57:22.460Z,-23.1125,-66.688,223,6.7,mww,,16,2.11,1.02,us,usc000tp1s,2022-08-07T07:47:24.497Z,"103 km W of El Aguilar, Argentina",earthquake,7.1,1.8,,,reviewed,us,us
2015-02-11T19:49:24.300Z,-2.6804,138.9515,44.95,4.7,mb,,59,6.698,0.73,us,usb000tnbw,2015-05-04T22:47:55.040Z,"187 km W of Abepura, Indonesia",earthquake,8.7,8.2,0.126,21,reviewed,us,us
2015-02-11T21:29:17.590Z,46.8941,152.7975,65.33,4.7,mb,,119,6.874,0.54,us,usb000tndc,2015-05-04T22:47:55.040Z,"Kuril Islands",earthquake,9.1,5.6,0.06,88,reviewed,us,us
2015-02-11T21:29:24.580Z,-65.5984,-179.601,10,5.8,mwb,,78,12.967,0.74,us,usb000tnde,2022-05-03T17:13:09.446Z,"Pacific-Antarctic Ridge",earthquake,11.9,1.8,0.127,6,reviewed,us,us
2015-02-11T22:24:13.270Z,-5.0374,152.5336,62.5,4.5,mb,,117,0.918,0.89,us,usb000tq0g,2015-05-04T22:47:55.040Z,"82 km SSE of Kokopo, Papua New Guinea",earthquake,6.6,7.1,0.113,24,reviewed,us,us
2015-02-12T01:59:36.000Z,-9.22,-79.34,22,4.6,mb,,,,0.61,us,usb000tnfh,2015-05-11T23:20:09.040Z,"80 km WSW of Puerto Santa, Peru",earthquake,9.2,5.2,0.085,46,reviewed,lim,us
2015-02-12T02:11:41.460Z,72.052,-75.089,18,4.6,mb,,,,0.3,us,us10000b9u,2015-05-11T23:20:09.040Z,"291 km NW of Clyde River, Canada",earthquake,7.2,1.9,0.041,180,reviewed,ott,us
2015-02-12T08:55:07.600Z,49.4664,155.542,63.95,4.5,mb,,138,3.89,0.54,us,usb000tnip,2015-05-11T23:20:09.040Z,"140 km SSW of Severo-Kuril’sk, Russia",earthquake,11.6,6.4,0.108,26,reviewed,us,us
2015-02-12T13:40:32.260Z,-12.3651,166.9588,208.83,4.9,mb,,46,3.072,0.67,us,usb000tnkw,2015-05-11T23:20:09.040Z,"179 km NNW of Sola, Vanuatu",earthquake,5.4,7.5,0.055,108,reviewed,us,us
2015-02-12T14:33:07.830Z,23.9982,93.923,65.84,4.8,mb,,66,2.443,0.72,us,usb000tnl7,2022-07-27T20:37:46.903Z,"45 km SE of Chur?ch?ndpur, India",earthquake,3.7,7.8,0.083,48,reviewed,us,us
2015-02-12T15:01:13.920Z,1.5733,126.4001,46.17,4.9,mb,,31,1.252,1.03,us,usb000tnlf,2015-05-11T23:20:09.040Z,"139 km NW of Ternate, Indonesia",earthquake,5.9,5.9,0.052,119,reviewed,us,us
2015-02-12T15:50:59.880Z,19.3552,-105.7405,41.67,5.5,mwb,,92,1.356,1.12,us,usb000tnlk,2022-07-27T20:38:40.578Z,"68 km WSW of José María Morelos, Mexico",earthquake,6.8,4.7,0.075,17,reviewed,us,us
2015-02-12T16:45:07.570Z,-6.3243,129.4353,173.99,4.5,mb,,84,2.476,1.12,us,usb000tqai,2015-05-11T23:20:10.040Z,"Banda Sea",earthquake,8.5,18.5,0.243,5,reviewed,us,us
2015-02-12T18:19:03.180Z,-40.2225,-85.8932,10,4.6,mb,,239,11.7,0.79,us,usb000tnqg,2015-05-11T23:20:10.040Z,"West Chile Rise",earthquake,10.1,2,0.1,33,reviewed,us,us
2015-02-12T22:00:16.900Z,-19.902,-177.4529,542.2,4.6,mb,,109,4.766,0.71,us,usb000tqab,2015-05-11T23:20:10.040Z,"271 km WNW of Haveluloto, Tonga",earthquake,15,8.4,0.085,42,reviewed,us,us
2015-02-12T22:21:36.210Z,7.6059,-81.8189,40.53,4.8,mb,,71,2.499,0.91,us,usb000tnu5,2022-07-27T20:43:17.065Z,"54 km SSW of Puerto Vidal, Panama",earthquake,7.3,7,0.047,141,reviewed,us,us
2015-02-13T03:21:42.740Z,2.9292,92.8728,10,4.8,mb,,93,4.661,0.53,us,usb000tnxl,2015-05-11T23:20:11.040Z,"off the west coast of northern Sumatra",earthquake,7.4,1.8,0.086,56,reviewed,us,us
2015-02-13T03:26:45.020Z,1.5337,126.443,39.83,4.6,mb,,111,1.194,0.58,us,usb000tqbn,2015-05-11T23:20:11.040Z,"133 km NW of Ternate, Indonesia",earthquake,10,5.7,0.151,16,reviewed,us,us
2015-02-13T05:27:45.950Z,-17.5521,-178.3221,587.43,4.6,mb,,87,3.461,0.75,us,usb000tnyj,2015-05-11T23:20:11.040Z,"256 km ENE of Levuka, Fiji",earthquake,12.4,10,0.116,22,reviewed,us,us
2015-02-13T06:40:03.140Z,57.0807,163.3076,10,5,mb,,102,4.868,0.59,us,usb000tnyp,2015-05-11T23:20:11.040Z,"107 km NNE of Ust’-Kamchatsk Staryy, Russia",earthquake,7,1.9,0.051,140,reviewed,us,us
2015-02-13T11:28:21.260Z,38.2085,144.5947,27.46,4.8,mb,,136,3.023,1.06,us,usb000tp18,2015-05-11T23:20:11.040Z,"265 km ESE of Kamaishi, Japan",earthquake,8.1,2.5,0.111,29,reviewed,us,us
2015-02-13T16:40:58.180Z,25.7197,140.8369,210.34,4.6,mb,,220,1.827,1.04,us,usb000tqbx,2015-05-11T23:20:12.040Z,"Volcano Islands, Japan region",earthquake,13.8,8.8,0.222,7,reviewed,us,us
2015-02-13T16:58:40.910Z,-3.3871,149.0219,10,4.7,mb,,43,2.125,0.88,us,usb000tp80,2015-05-11T23:20:12.040Z,"216 km WSW of Kavieng, Papua New Guinea",earthquake,7.8,1.9,0.102,29,reviewed,us,us
2015-02-13T17:02:05.890Z,-3.3841,148.8559,10,5,mb,,56,1.997,1.11,us,usb000tp4f,2022-07-27T20:54:42.557Z,"230 km SE of Lorengau, Papua New Guinea",earthquake,7.3,1.8,0.078,55,reviewed,us,us
2015-02-13T17:14:32.750Z,-3.7822,148.9737,10,4.5,mb,,118,2.358,0.99,us,usb000tp56,2015-05-11T23:20:12.040Z,"234 km NNW of Kimbe, Papua New Guinea",earthquake,8.8,1.9,0.151,14,reviewed,us,us
2015-02-13T17:18:11.290Z,-3.8201,148.4359,10,4.5,mb,,186,19.311,0.77,us,usb000tqc8,2015-05-11T23:20:12.040Z,"236 km SSE of Lorengau, Papua New Guinea",earthquake,15.4,2,0.221,8,reviewed,us,us
2015-02-13T17:30:55.560Z,-6.1333,146.7546,70.75,5.1,mb,,34,3.274,1.05,us,usb000tp4x,2022-07-27T20:56:30.065Z,"70 km NNW of Lae, Papua New Guinea",earthquake,4.9,6.5,0.056,106,reviewed,us,us
2015-02-13T18:48:17.890Z,52.5081,-31.8737,17.56,5.3,mb,,53,11.387,0.62,us,usb000tp5k,2022-05-03T17:13:13.588Z,"northern Mid-Atlantic Ridge",earthquake,6.6,3.7,0.028,459,reviewed,us,us
2015-02-13T18:58:05.500Z,52.5482,-31.6405,9.78,4.9,mb,,92,11.436,0.76,us,usb000tp5p,2015-05-11T23:20:12.040Z,"northern Mid-Atlantic Ridge",earthquake,9.4,4.2,0.038,241,reviewed,us,us
2015-02-13T18:59:12.230Z,52.6487,-31.9016,16.68,7.1,mww,,17,11.262,0.79,us,usb000tp5q,2022-07-27T20:53:46.755Z,"northern Mid-Atlantic Ridge",earthquake,6.8,1.4,,,reviewed,us,us
2015-02-13T19:31:00.230Z,52.7595,-32.4091,14.88,4.5,mb,,180,24.632,0.6,us,usb000tqcq,2015-05-11T23:20:12.040Z,"Reykjanes Ridge",earthquake,17.1,6.5,0.171,11,reviewed,us,us
2015-02-13T19:33:10.610Z,52.6242,-32.3261,14.13,5.2,mb,,71,11.133,0.57,us,usb000tp6g,2015-05-11T23:20:12.040Z,"Reykjanes Ridge",earthquake,8.3,3.9,0.03,397,reviewed,us,us
2015-02-13T19:38:53.670Z,-3.0552,-78.4249,97.56,4.8,mb,,57,3.27,0.86,us,usb000tp6k,2022-07-27T20:57:40.349Z,"42 km NNE of Gualaquiza, Ecuador",earthquake,7.9,4.5,0.053,122,reviewed,us,us
2015-02-13T19:44:06.360Z,52.5362,-33.4942,10,4.7,mb,,122,13.749,0.84,us,usb000tqbe,2015-05-11T23:20:12.040Z,"Reykjanes Ridge",earthquake,11.4,1.9,0.104,29,reviewed,us,us
2015-02-13T19:47:42.050Z,52.6665,-31.8882,10,4.8,mb,,124,11.253,0.76,us,usb000tqbt,2015-05-11T23:20:12.040Z,"northern Mid-Atlantic Ridge",earthquake,9.8,1.9,0.07,68,reviewed,us,us
2015-02-13T20:06:32.330Z,22.6374,121.427,30,6.2,mww,,14,0.367,1.09,us,usb000tp6y,2022-08-07T07:48:18.738Z,"Taiwan region",earthquake,5.4,3.1,,,reviewed,us,us
2015-02-13T20:19:28.150Z,52.6935,-32.0203,15,4.5,mb,,96,11.183,1.47,us,usb000tqct,2015-05-11T23:20:12.040Z,"Reykjanes Ridge",earthquake,12.7,4.5,0.243,6,reviewed,us,us
2015-02-13T21:22:56.230Z,64.6857,-17.0423,5.85,4.6,mb,,106,6.117,0.78,us,usb000tp7m,2015-05-11T23:20:12.040Z,"100 km WNW of Höfn, Iceland",earthquake,9.6,4.3,0.065,79,reviewed,us,us
2015-02-13T21:25:18.110Z,52.4505,-32.3351,10,4.6,mb,,81,11.273,0.72,us,usb000tp7p,2015-05-11T23:20:12.040Z,"Reykjanes Ridge",earthquake,10,1.8,0.052,130,reviewed,us,us
2015-02-13T22:16:01.990Z,-16.7709,-173.9162,77.37,4.6,mb,,80,3.514,0.99,us,usb000tqbl,2015-05-11T23:20:12.040Z,"91 km S of Hihifo, Tonga",earthquake,11.8,7.3,0.109,28,reviewed,us,us
2015-02-14T01:07:30.370Z,2.6069,94.5532,28.5,4.5,mb,,95,3.286,0.62,us,usb000tp97,2015-05-11T23:20:13.040Z,"203 km W of Sinabang, Indonesia",earthquake,8.9,4.3,0.108,30,reviewed,us,us
2015-02-14T02:28:56.228Z,37.1418,-117.2618,17,4.8,ml,19,54.03,0.168,0.1919,nn,nn00482627,2020-05-02T03:32:22.257Z,"51 km WNW of Beatty, Nevada",earthquake,,1.3,0.28,6,reviewed,nn,nn
2015-02-14T05:52:52.670Z,-17.6998,-178.633,573.44,4.5,mb,,79,3.159,0.99,us,usb000tpap,2015-05-11T23:20:13.040Z,"221 km E of Levuka, Fiji",earthquake,14.6,8.8,0.118,22,reviewed,us,us
2015-02-14T07:08:55.670Z,-18.1178,64.9817,10,4.7,mb,,84,16.857,0.79,us,usc000trhc,2015-05-11T23:20:13.040Z,"239 km NE of Port Mathurin, Mauritius",earthquake,16.4,1.9,0.174,13,reviewed,us,us
2015-02-14T10:15:49.160Z,-7.218,102.7474,10,4.5,mb,,205,2.846,0.52,us,usc000trhe,2015-05-11T23:20:13.040Z,"southwest of Sumatra, Indonesia",earthquake,10.9,2,0.222,11,reviewed,us,us
2015-02-14T11:13:29.460Z,-18.0478,65.1849,10,4.8,mb,,67,17.057,0.54,us,usb000tpbh,2015-05-11T23:20:13.040Z,"259 km NE of Port Mathurin, Mauritius",earthquake,13.3,1.8,0.116,29,reviewed,us,us
2015-02-14T11:46:43.310Z,-23.9685,-66.8851,203.99,4.5,mb,,61,2.3,1.01,us,usb000tpbj,2015-05-11T23:20:13.040Z,"63 km WNW of San Antonio de los Cobres, Argentina",earthquake,4.2,6.9,0.084,42,reviewed,us,us
2015-02-14T15:41:48.940Z,-16.1812,-173.3305,35,4.5,mb,,120,2.711,1.17,us,usc000trgx,2015-05-11T23:20:14.040Z,"55 km ESE of Hihifo, Tonga",earthquake,7.1,2,0.312,4,reviewed,us,us
2015-02-14T16:01:07.380Z,-47.4173,-13.3416,10,4.7,mb,,170,16.106,0.97,us,usc000trhn,2015-05-11T23:20:14.040Z,"southern Mid-Atlantic Ridge",earthquake,13.8,1.9,0.209,8,reviewed,us,us
2015-02-14T16:54:24.090Z,-16.8906,-14.5968,10,5.3,mb,,49,23.574,1.02,us,usb000tpcz,2015-05-11T23:20:14.040Z,"southern Mid-Atlantic Ridge",earthquake,6,1.8,0.102,34,reviewed,us,us
2015-02-14T18:14:46.830Z,-20.1965,-178.3007,588.92,4.6,mb,,74,4.225,0.76,us,usc000trhj,2015-05-11T23:20:14.040Z,"Fiji region",earthquake,9.2,5.8,0.09,38,reviewed,us,us
2015-02-14T18:16:46.220Z,36.425,71.6395,101.03,4.9,mb,,69,1.103,1.05,us,usb000tpdd,2015-05-11T23:20:14.040Z,"30 km SSE of Ashk?sham, Afghanistan",earthquake,6.3,5.6,0.049,137,reviewed,us,us
2015-02-14T18:59:07.340Z,-10.7449,161.8494,47.97,5,mb,,32,2.278,1.03,us,usc000trhk,2015-05-11T23:20:15.040Z,"33 km SSW of Kirakira, Solomon Islands",earthquake,8.4,7.6,0.079,53,reviewed,us,us
2015-02-14T19:07:23.200Z,-5.3859,146.7505,257.03,4.8,mb,,20,3.376,0.66,us,usb000tpdn,2022-07-27T21:06:16.595Z,"108 km E of Madang, Papua New Guinea",earthquake,7.7,5.3,0.058,96,reviewed,us,us
2015-02-14T19:12:55.910Z,-55.3147,-29.6321,10,5,mb,,73,4.1,0.72,us,usb000tpdp,2015-05-11T23:20:15.040Z,"South Sandwich Islands region",earthquake,11.3,1.8,0.091,41,reviewed,us,us
2015-02-14T19:22:40.000Z,12.715,-90.208,21.2,4.5,mb,,,,1.27,us,usb000tpdr,2015-05-11T23:20:15.040Z,"105 km SSW of Acajutla, El Salvador",earthquake,8.1,6.9,0.084,44,reviewed,snet,us
2015-02-14T19:41:07.270Z,-7.0102,124.9234,522.32,4.5,mb,,26,2.803,0.49,us,usb000tpdz,2015-05-11T23:20:15.040Z,"179 km N of Maubara, Timor Leste",earthquake,10.3,7.4,0.079,48,reviewed,us,us
2015-02-14T19:56:27.000Z,52.5196,-169.7675,42.7,4.5,mb,,,,1.34,us,usb000tpe8,2023-07-25T19:52:57.913Z,"76 km SW of Nikolski, Alaska",earthquake,5.2,5.4,0.067,68,reviewed,ak,us
2015-02-14T22:52:20.460Z,-4.0507,139.5838,91.71,4.7,mb,,101,7.407,0.48,us,usb000tpf8,2022-07-27T21:09:08.512Z,"Papua, Indonesia",earthquake,10,6.5,0.081,48,reviewed,us,us
2015-02-15T00:14:29.980Z,36.6585,141.0179,30,4.7,mb,,90,0.791,0.48,us,usb000tpfl,2015-05-11T23:20:15.040Z,"27 km ESE of Takahagi, Japan",earthquake,2.1,4.7,0.06,91,reviewed,us,us
2015-02-15T00:49:58.420Z,10.5924,-86.0373,35,4.5,mb,,155,1.108,0.78,us,usb000tpfr,2015-05-11T23:20:15.040Z,"43 km W of Sardinal, Costa Rica",earthquake,7.2,1.9,0.073,57,reviewed,us,us
2015-02-15T00:52:32.490Z,-2.1415,139.7737,10,4.5,mb,,126,7.557,0.99,us,usc000trje,2015-05-11T23:20:15.040Z,"107 km WNW of Abepura, Indonesia",earthquake,13,1.9,0.132,19,reviewed,us,us
2015-02-15T04:36:35.520Z,52.7129,-33.4511,10,4.7,mb,,52,15.515,0.47,us,usb000tpgc,2015-05-11T23:20:16.040Z,"Reykjanes Ridge",earthquake,9.3,1.8,0.052,130,reviewed,us,us
2015-02-15T06:17:49.700Z,0.1366,-16.3478,10,4.7,mb,,95,13.175,0.82,us,usc000trj2,2015-05-11T23:20:16.040Z,"north of Ascension Island",earthquake,8.3,1.9,0.147,15,reviewed,us,us
2015-02-15T06:29:05.230Z,-0.579,123.8097,87.16,4.8,mb,,153,1.135,1.04,us,usb000tpgq,2015-05-11T23:20:16.040Z,"121 km ENE of Luwuk, Indonesia",earthquake,7.5,8,0.1,34,reviewed,us,us
2015-02-15T08:04:39.040Z,32.7323,46.9529,10,4.8,mb,,54,6.408,0.78,us,usb000tphb,2015-05-11T23:20:16.040Z,"29 km W of Dehlor?n, Iran",earthquake,5.7,1.8,0.065,75,reviewed,us,us
2015-02-15T09:08:19.110Z,52.5785,-32.397,10,4.6,mb,,99,11.147,0.7,us,usb000tphh,2015-05-11T23:20:16.040Z,"Reykjanes Ridge",earthquake,10.6,1.9,0.074,63,reviewed,us,us
2015-02-15T09:38:54.590Z,39.5361,75.1314,51.9,4.7,mb,,65,3.135,0.77,us,usb000tphi,2022-05-03T17:13:14.758Z,"74 km W of Kashgar, China",earthquake,6.5,7.1,0.074,66,reviewed,us,us
2015-02-15T10:03:10.000Z,-18.601,168.928,217.06,5,mb,,24,3.543,0.95,us,usb000tphp,2015-05-11T23:20:16.040Z,"110 km NNW of Isangel, Vanuatu",earthquake,8.1,4.7,0.044,174,reviewed,us,us
2015-02-15T10:14:55.740Z,1.3087,97.1361,31.88,4.6,mb,,105,0.439,0.78,us,usb000tphr,2015-05-11T23:20:16.040Z,"130 km SW of Singkil, Indonesia",earthquake,6,5.4,0.095,33,reviewed,us,us
2015-02-15T12:10:41.640Z,-4.3677,-12.0393,10,5.1,mb,,110,20.362,0.8,us,usb000tpig,2015-05-11T23:20:16.040Z,"north of Ascension Island",earthquake,7.2,1.9,0.108,31,reviewed,us,us
2015-02-15T12:56:47.670Z,-5.7628,150.9435,74.84,5.3,mb,,18,1.978,0.87,us,usb000tpil,2015-05-11T23:20:16.040Z,"92 km ESE of Kimbe, Papua New Guinea",earthquake,7.4,4.8,0.043,196,reviewed,us,us
2015-02-15T13:49:47.920Z,-18.3052,176.9198,16.24,5.4,mwb,,72,1.213,0.85,us,usb000tpiq,2022-07-27T21:13:45.867Z,"76 km SW of Nadi, Fiji",earthquake,8.5,3.5,0.06,27,reviewed,us,us
2015-02-15T14:14:20.990Z,34.4283,76.2031,48.05,4.7,mb,,84,2.557,0.65,us,usb000tpit,2022-07-27T21:16:35.775Z,"15 km SSE of Kargil, India",earthquake,8.1,7.2,0.059,97,reviewed,us,us
2015-02-15T14:34:36.830Z,30.0604,131.1018,29.89,4.6,mb,,134,1.548,0.7,us,usb000tpiw,2015-05-11T23:20:16.040Z,"56 km SE of Koseda, Japan",earthquake,4.8,5.7,0.109,30,reviewed,us,us
2015-02-15T14:46:42.930Z,1.4165,-90.7182,10,4.6,mb,,161,2.121,0.71,us,usc000triq,2015-05-11T23:20:16.040Z,"242 km N of Puerto Ayora, Ecuador",earthquake,13.8,1.9,0.136,16,reviewed,us,us
2015-02-15T15:57:10.000Z,-25.219,151.374,15,4.9,mb,,,,1.1,us,usb000tpj7,2022-05-03T17:13:25.601Z,"42 km N of Mundubbera, Australia",earthquake,6.1,3.2,0.107,31,reviewed,aust,us
2015-02-15T16:00:37.960Z,-19.4197,-175.7401,164.34,4.7,mb,,93,5.502,0.68,us,usb000tpj9,2015-05-11T23:20:17.040Z,"151 km WNW of Pangai, Tonga",earthquake,12,7,0.068,72,reviewed,us,us
2015-02-15T17:35:58.120Z,-18.1405,176.7415,22.97,4.5,mb,,172,1.308,0.76,us,usc000trja,2015-05-11T23:20:17.040Z,"80 km WSW of Nadi, Fiji",earthquake,12.4,5.9,0.221,7,reviewed,us,us
2015-02-15T18:27:16.360Z,-34.8537,77.3164,10,4.7,mb,,105,15.405,0.94,us,usc000trim,2015-05-11T23:20:17.040Z,"Mid-Indian Ridge",earthquake,8,1.9,0.152,13,reviewed,us,us
2015-02-15T18:37:09.050Z,-18.1354,176.763,10,4.6,mb,,171,1.287,0.75,us,usc000trj8,2015-05-11T23:20:17.040Z,"78 km WSW of Nadi, Fiji",earthquake,17.9,2,0.165,11,reviewed,us,us
2015-02-15T19:34:55.580Z,-34.3046,77.3967,10,4.6,mb,,108,34.387,0.4,us,usc000trip,2015-05-11T23:20:17.040Z,"Mid-Indian Ridge",earthquake,14.4,1.9,0.206,8,reviewed,us,us
2015-02-15T21:08:43.970Z,-10.9113,165.5826,63.7,5.2,mb,,31,4.776,0.41,us,usb000tpki,2022-05-03T17:13:26.929Z,"31 km SW of Lata, Solomon Islands",earthquake,8.2,2.5,0.038,252,reviewed,us,us
2015-02-15T23:03:11.910Z,-23.1178,171.2147,35,4.5,mb,,118,4.53,0.9,us,usc000trjk,2015-05-11T23:20:17.040Z,"southeast of the Loyalty Islands",earthquake,8.6,2,0.383,4,reviewed,us,us
2015-02-16T01:04:09.300Z,-14.8849,167.0001,29.16,4.7,mb,,111,0.592,0.87,us,usb000tplf,2015-05-11T23:20:17.040Z,"19 km NNW of Port-Olry, Vanuatu",earthquake,10.6,5.8,0.12,23,reviewed,us,us
2015-02-16T03:45:22.280Z,-20.7523,-179.0196,631.59,4.5,mb,,160,4.074,1.41,us,usc000trut,2015-05-11T23:20:18.040Z,"Fiji region",earthquake,14.6,11.6,0.115,24,reviewed,us,us
2015-02-16T05:42:45.650Z,-7.2446,117.48,567.93,4.5,mb,,58,3.164,0.76,us,usb000tplw,2015-05-11T23:20:18.040Z,"129 km N of Pototano, Indonesia",earthquake,8.2,7.6,0.093,37,reviewed,us,us
2015-02-16T06:47:55.190Z,-0.3743,132.0983,35,4.6,mb,,115,0.966,0.76,us,usb000tpm7,2015-05-11T23:20:18.040Z,"108 km ENE of Sorong, Indonesia",earthquake,8,1.9,0.109,27,reviewed,us,us
2015-02-16T07:07:31.520Z,-6.2966,104.0953,35,4.5,mb,,198,2.233,0.93,us,usc000trup,2015-05-11T23:20:18.040Z,"160 km SW of Bandar Lampung, Indonesia",earthquake,12,1.9,0.181,11,reviewed,us,us
2015-02-16T07:56:29.000Z,-21.406,-68.321,130.7,4.7,mb,,,,1.24,us,usb000tpma,2015-05-11T23:20:18.040Z,"131 km NNE of Calama, Chile",earthquake,4.3,5.4,0.095,34,reviewed,guc,us
2015-02-16T11:52:08.990Z,1.9449,-97.041,10,4.8,mb,,91,14.594,0.6,us,usb000tpn0,2015-05-11T23:20:18.040Z,"west of the Galapagos Islands",earthquake,13.7,1.9,0.048,144,reviewed,us,us
2015-02-16T11:52:46.190Z,37.2188,30.0841,10,4.7,mb,,46,0.49,1.01,us,usb000tpmv,2022-07-27T21:23:50.370Z,"14 km S of Kemer, Turkey",earthquake,5.9,1.9,0.077,52,reviewed,us,us
2015-02-16T13:13:58.690Z,-5.8181,153.4419,28.02,4.6,mb,,52,2.057,0.9,us,usb000tpna,2015-05-11T23:20:18.040Z,"208 km SE of Kokopo, Papua New Guinea",earthquake,9,3.4,0.107,29,reviewed,us,us
2015-02-16T13:22:38.630Z,2.0367,126.6841,49.65,4.5,mb,,82,1.429,0.92,us,usb000tpnd,2015-05-11T23:20:18.040Z,"151 km WNW of Tobelo, Indonesia",earthquake,8.6,7,0.116,24,reviewed,us,us
2015-02-16T16:51:32.700Z,21.6154,143.1217,290.59,4.5,mb,,48,5.522,0.6,us,usb000tpp9,2015-05-11T23:20:18.040Z,"Mariana Islands region",earthquake,9.2,6.1,0.046,145,reviewed,us,us
2015-02-16T17:20:34.040Z,-14.9424,166.9444,29.53,4.8,mb,,104,0.56,0.72,us,usb000tpqe,2015-05-11T23:20:18.040Z,"17 km NW of Port-Olry, Vanuatu",earthquake,4.5,4.7,0.087,45,reviewed,us,us
2015-02-16T20:22:52.760Z,-2.6612,139.1164,34.84,4.5,mb,,60,1.593,0.91,us,usc000truc,2015-05-11T23:20:19.040Z,"168 km W of Abepura, Indonesia",earthquake,9,9.9,0.113,24,reviewed,us,us
2015-02-16T20:33:47.000Z,-30.282,-71.53,35.5,4.8,mb,,,,1.51,us,usb000tpss,2015-05-11T23:20:19.040Z,"40 km SSW of Coquimbo, Chile",earthquake,6.2,6,0.175,11,reviewed,guc,us
2015-02-16T21:24:20.290Z,-40.9548,-86.4602,10,4.5,mb,,196,9.494,1.33,us,usb000tpua,2015-05-11T23:20:19.040Z,"West Chile Rise",earthquake,13.7,2,0.11,25,reviewed,us,us
2015-02-16T21:26:40.490Z,44.0328,151.383,31.93,4.5,mb,,137,6.333,0.99,us,usb000tpui,2015-05-11T23:20:19.040Z,"east of the Kuril Islands",earthquake,10,5.1,0.094,36,reviewed,us,us
2015-02-16T22:00:53.590Z,-55.52,-28.2591,13,6.2,mww,,30,4.908,0.91,us,usb000tpuw,2022-05-03T17:14:36.608Z,"South Sandwich Islands region",earthquake,9.5,1.7,,,reviewed,us,us
2015-02-16T22:45:08.510Z,-3.3085,134.5667,11.79,4.6,mb,,61,2.346,0.86,us,usb000tpvg,2022-07-27T21:30:26.325Z,"103 km W of Nabire, Indonesia",earthquake,8.7,4.1,0.096,35,reviewed,us,us
2015-02-16T22:56:43.360Z,-5.2742,68.0882,10,4.6,mb,,237,4.829,1.25,us,usc000trug,2015-05-11T23:20:19.040Z,"Chagos Archipelago region",earthquake,15.4,2,0.122,22,reviewed,us,us
2015-02-16T23:00:15.700Z,-7.1883,154.8164,57.47,4.5,mb,,93,3.979,1.19,us,usc000truk,2015-05-11T23:20:19.040Z,"121 km SW of Panguna, Papua New Guinea",earthquake,7.5,9.1,0.15,15,reviewed,us,us
2015-02-16T23:06:28.270Z,39.8558,142.8808,23,6.7,mww,,20,1.925,0.94,us,usb000tpvj,2022-07-27T21:32:17.327Z,"83 km ENE of Miyako, Japan",earthquake,3.8,1.8,,,reviewed,us,us
2015-02-16T23:56:09.830Z,34.6396,141.8336,30.17,4.5,mb,,124,2.078,0.91,us,usb000tpvw,2015-05-11T23:20:19.040Z,"147 km ESE of ?hara, Japan",earthquake,7.4,6.1,0.191,9,reviewed,us,us
2015-02-17T00:50:02.640Z,39.8563,143.166,10,4.6,mb,,142,2.119,0.56,us,usb000tpwf,2022-07-27T21:34:13.992Z,"107 km ENE of Miyako, Japan",earthquake,6.8,1.9,0.086,45,reviewed,us,us
2015-02-17T01:15:06.570Z,39.8018,142.7789,35,4.5,mb,,135,1.886,0.76,us,usb000tpwu,2015-05-11T23:20:19.040Z,"73 km ENE of Miyako, Japan",earthquake,4.6,2,0.093,34,reviewed,us,us
2015-02-17T02:14:58.470Z,0.5454,126.0272,38.12,5.1,mb,,33,1.358,0.51,us,usb000tpx9,2022-05-03T17:13:56.831Z,"149 km SE of Tondano, Indonesia",earthquake,5.7,4.9,0.057,105,reviewed,us,us
2015-02-17T02:29:52.130Z,39.6591,142.981,29.43,4.8,mb,,131,2.094,0.44,us,usb000tpxa,2015-05-11T23:20:20.040Z,"89 km E of Miyako, Japan",earthquake,6.3,5.2,0.061,83,reviewed,us,us
2015-02-17T02:48:29.340Z,2.4598,94.5706,28.33,4.5,mb,,91,3.215,0.3,us,usb000tpxf,2015-05-11T23:20:20.040Z,"201 km W of Sinabang, Indonesia",earthquake,10.3,4.4,0.106,29,reviewed,us,us
2015-02-17T03:06:30.850Z,-55.4044,-28.1851,11.24,5.3,mb,,37,4.928,0.35,us,usb000tpxn,2015-05-11T23:20:20.040Z,"South Sandwich Islands region",earthquake,9.4,3.4,0.07,70,reviewed,us,us
2015-02-17T03:23:27.910Z,0.5764,126.1109,9.38,4.6,mb,,38,1.27,0.61,us,usb000tpxv,2015-05-11T23:20:20.040Z,"143 km W of Ternate, Indonesia",earthquake,6.7,4.3,0.089,39,reviewed,us,us
2015-02-17T04:46:38.940Z,40.1095,141.8914,47,5.5,mwb,,40,1.149,0.43,us,usb000tpy8,2022-07-27T21:37:13.757Z,"51 km N of Miyako, Japan",earthquake,5.5,1.9,0.059,28,reviewed,us,us
2015-02-17T05:56:57.790Z,-37.6518,179.6469,33.23,5.2,mww,,73,1.068,1.38,us,usb000tpyf,2015-05-11T23:20:20.040Z,"181 km NE of Gisborne, New Zealand",earthquake,6.4,4.1,,,reviewed,us,us
2015-02-17T07:50:44.610Z,-30.9685,-71.4018,65.23,4.6,mb,,80,0.416,0.59,us,usc000trw7,2015-05-11T23:20:20.040Z,"45 km SSW of Ovalle, Chile",earthquake,5.7,5.3,0.117,24,reviewed,us,us
2015-02-17T08:25:10.900Z,-47.9781,-74.8571,14.46,4.9,mb,,151,3.68,0.99,us,usb000tpz6,2015-05-11T23:20:20.040Z,"189 km WSW of Cochrane, Chile",earthquake,12.3,5.2,0.086,46,reviewed,us,us
2015-02-17T09:11:58.310Z,-26.9105,-178.4021,343.04,4.6,mb,,41,2.362,1.3,us,usb000tpzf,2015-05-11T23:20:20.040Z,"south of the Fiji Islands",earthquake,9.3,7.2,0.056,107,reviewed,us,us
2015-02-17T11:28:03.000Z,-24.579,-69.326,80.7,4.5,mb,,,,1.12,us,usb000tq12,2015-05-11T23:20:20.040Z,"148 km NE of Taltal, Chile",earthquake,5.8,3.3,0.383,3,reviewed,guc,us
2015-02-17T13:14:24.460Z,53.3024,-164.4448,30.19,4.6,mb,,161,1.099,0.72,us,usb000tq1a,2023-07-25T20:01:22.137Z,"127 km SE of Akutan, Alaska",earthquake,4,5,0.058,104,reviewed,us,us
2015-02-17T13:41:38.020Z,30.0389,57.6596,10,4.5,mb,,95,5.235,0.94,us,usb000tq1k,2015-05-11T23:20:21.040Z,"62 km ESE of Kerman, Iran",earthquake,6.1,1.9,0.089,40,reviewed,us,us
2015-02-17T14:35:54.000Z,-32.375,-71.013,72.6,5.4,mww,,,,0.88,us,usb000tq1p,2022-07-27T21:38:08.666Z,"22 km ENE of La Ligua, Chile",earthquake,5.2,3.7,,,reviewed,guc,us
2015-02-17T15:32:35.670Z,-6.893,103.6757,34.48,4.5,mb,,179,2.615,1.06,us,usc000trwm,2015-05-11T23:20:21.040Z,"238 km SW of Bandar Lampung, Indonesia",earthquake,9.6,8.3,0.204,9,reviewed,us,us
2015-02-17T16:33:21.280Z,39.5696,143.5829,10,5.5,mww,,58,2.464,0.61,us,usb000tq2a,2022-07-27T21:39:09.061Z,"140 km E of Yamada, Japan",earthquake,6.6,1.8,,,reviewed,us,us
2015-02-17T19:48:56.690Z,-10.6156,166.0387,153.41,4.6,mb,,117,4.934,0.67,us,usc000trwt,2015-05-11T23:20:22.040Z,"29 km ENE of Lata, Solomon Islands",earthquake,14.2,7.8,0.102,31,reviewed,us,us
2015-02-18T00:47:24.470Z,-35.1067,-70.9399,98.33,4.7,mww,,57,0.339,0.86,us,usb000tq6n,2022-07-27T21:44:24.804Z,"30 km ESE of Curicó, Chile",earthquake,4,5,,,reviewed,us,us
2015-02-18T00:48:28.890Z,8.3227,-103.159,5,5.5,mwb,,80,11.411,1.29,us,usb000tq6v,2022-05-03T17:13:37.352Z,"northern East Pacific Rise",earthquake,11.2,1.8,0.056,31,reviewed,us,us
2015-02-18T00:58:00.540Z,8.3511,-102.957,10,4.6,mb,,205,11.354,1.06,us,usb000tq7g,2015-05-11T23:20:22.040Z,"northern East Pacific Rise",earthquake,13.1,1.9,0.054,123,reviewed,us,us
2015-02-18T01:16:17.570Z,8.285,-103.0536,10,5.5,mwc,,104,10.204,1.28,us,usb000tq7i,2022-05-03T17:13:38.504Z,"northern East Pacific Rise",earthquake,11.9,1.9,,,reviewed,us,gcmt
2015-02-18T01:41:12.480Z,8.381,-102.9551,10,5,mb,,79,10.076,1.21,us,usb000tq7z,2015-05-11T23:20:22.040Z,"northern East Pacific Rise",earthquake,11.3,1.9,0.033,324,reviewed,us,us
2015-02-18T02:20:37.640Z,-7.7076,-13.4636,10,5.4,mb,,45,0.916,0.75,us,usb000tq8c,2015-05-11T23:20:22.040Z,"107 km ENE of Georgetown, Saint Helena",earthquake,7.1,1.8,0.051,135,reviewed,us,us
2015-02-18T03:32:21.470Z,-7.6048,-13.586,10,4.9,mb,,102,0.833,0.51,us,usc000tsnk,2015-05-11T23:20:22.040Z,"97 km ENE of Georgetown, Saint Helena",earthquake,7.1,1.9,0.161,14,reviewed,us,us
2015-02-18T04:43:39.170Z,-8.8943,159.3182,135.08,5.4,mww,,22,0.823,0.53,us,usb000tq8s,2022-07-27T21:46:12.427Z,"88 km SSW of Buala, Solomon Islands",earthquake,7.8,3.7,,,reviewed,us,us
2015-02-18T09:32:26.770Z,-10.7598,164.1216,10,6.1,mww,,14,4.314,0.67,us,usb000tq9f,2022-05-03T17:13:39.797Z,"183 km W of Lata, Solomon Islands",earthquake,7.5,1.7,,,reviewed,us,us
2015-02-18T13:12:25.900Z,10.3077,-85.2209,53.47,4.5,mb,,93,0.264,0.89,us,usb000tq9p,2022-07-27T21:51:03.757Z,"19 km SW of Cañas, Costa Rica",earthquake,6.7,2,0.039,215,reviewed,us,us
2015-02-18T14:31:53.900Z,2.732,128.5544,239,5.2,mb,,22,2.28,0.67,us,usb000tq9w,2015-05-11T23:20:23.040Z,"126 km NNE of Tobelo, Indonesia",earthquake,8.3,5.7,0.041,206,reviewed,us,us
2015-02-18T16:27:23.040Z,-10.7482,164.136,10,5.1,mb,,53,4.324,1.41,us,usb000tqcy,2015-05-11T23:20:23.040Z,"181 km W of Lata, Solomon Islands",earthquake,9.3,1.8,0.049,136,reviewed,us,us
2015-02-18T16:59:38.330Z,8.9481,-82.8419,33.99,4.8,mwr,,135,1.632,1.03,us,usc000trc5,2022-07-27T21:58:37.479Z,"14 km NNW of Santa Clara, Panama",earthquake,8.8,7.1,,,reviewed,us,ucr
2015-02-18T17:09:41.290Z,-10.684,164.0707,13.08,5.4,mb,,58,4.244,0.82,us,usb000tqd1,2015-05-11T23:20:23.040Z,"188 km W of Lata, Solomon Islands",earthquake,8.7,3.6,0.039,258,reviewed,us,us
2015-02-18T17:25:14.840Z,-10.8701,164.1252,16.31,4.7,mb,,95,4.352,0.59,us,usb000tqdf,2015-05-11T23:20:23.040Z,"183 km W of Lata, Solomon Islands",earthquake,9,4.7,0.147,16,reviewed,us,us
2015-02-18T18:50:46.070Z,-10.7525,164.0296,13.11,4.9,mb,,94,4.226,1.09,us,usb000tqdp,2015-05-11T23:20:23.040Z,"193 km W of Lata, Solomon Islands",earthquake,6.3,4.9,0.078,61,reviewed,us,us
2015-02-18T19:58:17.190Z,19.598,-70.683,24.52,4.5,mwr,,37,0.175,1.02,us,usb000tqe1,2022-07-27T21:55:49.169Z,"3 km WNW of Pedro García, Dominican Republic",earthquake,3.6,4.3,0.086,13,reviewed,us,us
2015-02-18T20:20:12.180Z,1.1947,127.9012,5.57,4.5,mb,,51,0.679,1.18,us,usb000tqee,2015-05-11T23:20:23.040Z,"60 km SSW of Tobelo, Indonesia",earthquake,6.4,5.4,0.113,25,reviewed,us,us
2015-02-18T22:15:07.523Z,58.3366,-137.0316,3.4,4.5,mw,,,,0.78,ak,ak01529eirts,2023-07-25T20:06:56.103Z,"43 km WNW of Elfin Cove, Alaska",earthquake,,1.1,,,reviewed,ak,ak
2015-02-18T22:47:05.410Z,-56.6835,-25.8239,10,5.2,mb,,53,6.521,0.75,us,usc000trcf,2015-05-11T23:20:24.040Z,"South Sandwich Islands region",earthquake,9,1.7,0.083,50,reviewed,us,us
2015-02-19T00:42:31.310Z,-56.6459,-25.7596,35,4.5,mb,,127,6.544,0.59,us,usc000tsra,2015-05-12T20:29:32.040Z,"South Sandwich Islands region",earthquake,15,2,0.145,15,reviewed,us,us
2015-02-19T06:03:24.970Z,-4.9309,101.9113,21.34,4.5,mb,,156,1.185,0.84,us,usc000tre3,2015-05-12T20:29:32.040Z,"131 km SSW of Bengkulu, Indonesia",earthquake,7.7,5.7,0.132,20,reviewed,us,us
2015-02-19T10:24:03.570Z,-53.4419,159.3522,10,5.5,mwb,,59,1.084,0.98,us,us10000dg7,2022-05-03T18:22:30.484Z,"Macquarie Island region",earthquake,7.9,1.7,0.089,12,reviewed,us,us
2015-02-19T13:18:32.810Z,-16.4311,168.1483,10,6.4,mww,,33,1.335,1.02,us,usc000trf9,2022-05-03T18:22:31.721Z,"Vanuatu",earthquake,6.2,1.7,,,reviewed,us,us
2015-02-19T13:23:17.300Z,-16.4536,168.109,10,5.2,mb,,205,1.326,0.8,us,usc000tsrf,2015-05-12T20:29:33.040Z,"83 km ESE of Lakatoro, Vanuatu",earthquake,9.8,2,0.166,12,reviewed,us,us
2015-02-19T13:38:27.810Z,-16.4378,168.1927,10,4.9,mb,,111,1.369,0.75,us,usc000trfj,2015-05-12T20:29:33.040Z,"91 km ESE of Lakatoro, Vanuatu",earthquake,11,1.9,0.141,18,reviewed,us,us
2015-02-19T14:08:49.290Z,-16.1006,-178.943,35,5.1,mb,,107,3.308,0.95,us,usc000trg9,2022-05-03T17:13:46.438Z,"184 km ENE of Labasa, Fiji",earthquake,3.7,1.9,0.104,32,reviewed,us,us
2015-02-19T14:32:41.570Z,-16.513,168.0905,10,5.4,mb,,38,1.36,1.2,us,usc000trgm,2020-07-10T19:20:32.117Z,"85 km ESE of Lakatoro, Vanuatu",earthquake,6.5,1.8,0.056,113,reviewed,us,us
2015-02-19T15:10:44.870Z,-37.9277,-179.9681,10,4.5,mb,,199,3.037,0.99,us,usc000trhr,2015-05-12T20:29:33.040Z,"194 km ENE of Gisborne, New Zealand",earthquake,8.2,1.9,0.157,15,reviewed,us,us
2015-02-19T16:32:47.370Z,52.81,159.0059,82,5.4,mww,,16,0.303,0.91,us,usc000tri6,2022-07-27T22:09:40.359Z,"35 km SE of Petropavlovsk-Kamchatsky, Russia",earthquake,6.8,1.8,,,reviewed,us,us
2015-02-19T16:43:10.530Z,-7.5851,127.663,154.54,4.7,mb,,52,3.624,1.02,us,usc000tsq8,2015-05-12T20:29:33.040Z,"126 km NE of Lospalos, Timor Leste",earthquake,7.6,7.3,0.106,29,reviewed,us,us
2015-02-19T19:54:48.740Z,-16.3811,168.0387,10,4.7,mb,,81,1.228,0.82,us,usc000tsr2,2015-05-12T20:29:33.040Z,"73 km ESE of Lakatoro, Vanuatu",earthquake,5.6,1.8,0.11,25,reviewed,us,us
2015-02-19T19:56:35.590Z,-16.3938,168.0953,24.56,5.1,mb,,70,1.273,0.9,us,usc000trl8,2015-05-12T20:29:33.040Z,"79 km ESE of Lakatoro, Vanuatu",earthquake,4.5,5.2,0.065,83,reviewed,us,us
2015-02-19T21:31:31.400Z,-16.1656,167.9173,10,4.6,mb,,56,0.991,0.45,us,usc000tsr6,2015-05-12T20:29:33.040Z,"Vanuatu",earthquake,5.4,1.9,0.12,21,reviewed,us,us
2015-02-20T01:20:08.790Z,26.0018,125.7141,101.51,4.5,mb,,99,2.44,0.72,us,usc000tssj,2015-05-12T20:29:34.040Z,"139 km NNE of Hirara, Japan",earthquake,9.2,8.5,0.104,31,reviewed,us,us
2015-02-20T02:05:05.000Z,17.3318,-95.4053,104.44,4.6,mb,,47,0.552,1.05,us,usc000trrt,2022-07-27T22:16:21.595Z,"2 km SSW of San José de las Flores, Mexico",earthquake,6.9,4.6,0.053,109,reviewed,us,us
2015-02-20T02:47:32.720Z,-16.3975,168.0916,10,4.7,mb,,81,1.274,0.66,us,usc000tssn,2015-05-12T20:29:34.040Z,"79 km ESE of Lakatoro, Vanuatu",earthquake,8.7,1.9,0.106,28,reviewed,us,us
2015-02-20T04:25:23.380Z,39.8244,143.5871,10,6.2,mww,,16,2.212,0.75,us,usc000trsc,2022-07-27T22:17:24.536Z,"142 km E of Miyako, Japan",earthquake,5.8,1.7,,,reviewed,us,us
2015-02-20T07:46:20.470Z,2.3171,-84.4874,10,4.8,mb,,75,6.378,0.86,us,usc000trsv,2015-05-12T20:29:34.040Z,"off the coast of Central America",earthquake,8.1,1.9,0.074,67,reviewed,us,us
2015-02-20T09:08:15.110Z,-22.7972,-13.3237,10,5.2,mb,,50,27.552,0.7,us,usc000trt2,2015-05-12T20:29:34.040Z,"southern Mid-Atlantic Ridge",earthquake,11.8,1.7,0.058,98,reviewed,us,us
2015-02-20T11:43:36.370Z,-11.6815,166.5904,135.87,4.5,mb,,214,3.79,0.83,us,usc000tssq,2015-05-12T20:29:34.040Z,"136 km SE of Lata, Solomon Islands",earthquake,11.3,9.2,0.144,14,reviewed,us,us
2015-02-20T12:44:04.520Z,-7.003,154.7269,49.66,4.6,mb,,87,3.782,0.99,us,usc000tss0,2015-05-12T20:29:34.040Z,"113 km SW of Panguna, Papua New Guinea",earthquake,9.9,9,0.114,23,reviewed,us,us
2015-02-20T13:01:10.040Z,-7.1725,154.8401,26.88,4.9,mb,,69,3.983,0.7,us,usc000trvf,2015-05-12T20:29:35.040Z,"118 km SW of Panguna, Papua New Guinea",earthquake,9.7,3.8,0.08,50,reviewed,us,us
2015-02-20T15:39:17.940Z,-31.0595,-178.346,40.84,5.4,mb,,77,1.844,1.03,us,usc000trx4,2015-05-12T20:29:35.040Z,"Kermadec Islands region",earthquake,9.1,4.8,0.066,83,reviewed,us,us
2015-02-20T18:16:24.850Z,27.0996,54.8064,13.65,4.5,mb,,36,0.685,1.26,us,usc000try2,2015-05-12T20:29:35.040Z,"60 km N of Bandar-e Lengeh, Iran",earthquake,2.3,5,0.09,41,reviewed,us,us
2015-02-20T18:42:34.730Z,-14.8341,167.0739,104.69,4.5,mb,,88,0.622,1.36,us,usc000tss8,2015-05-12T20:29:35.040Z,"22 km N of Port-Olry, Vanuatu",earthquake,8.8,5.4,0.156,14,reviewed,us,us
2015-02-20T19:28:27.940Z,41.947,142.6543,60.31,5.3,mwr,,91,0.379,0.86,us,usc000tryp,2015-05-12T20:29:35.040Z,"49 km SSE of Shizunai-furukawach?, Japan",earthquake,4.9,4.5,0.093,11,reviewed,us,us
2015-02-20T21:05:54.970Z,39.7915,143.558,20.61,4.8,mb,,125,2.242,0.9,us,usc000trzp,2015-05-12T20:29:35.040Z,"139 km E of Miyako, Japan",earthquake,7.4,4.9,0.062,87,reviewed,us,us
2015-02-20T21:07:17.550Z,-50.1009,114.1781,10,4.7,mb,,106,17.309,0.89,us,usc000trzv,2015-05-12T20:29:35.040Z,"western Indian-Antarctic Ridge",earthquake,6.5,1.9,0.13,19,reviewed,us,us
2015-02-20T21:41:37.110Z,-17.8665,-178.3505,576.18,4.8,mb,,78,3.428,0.99,us,usc000ts06,2015-05-12T20:29:35.040Z,"248 km E of Levuka, Fiji",earthquake,13.5,10.1,0.084,45,reviewed,us,us
2015-02-20T22:22:20.100Z,-26.3746,-13.7534,9.97,4.5,mb,,77,12.769,1.05,us,usc000tst5,2015-05-12T20:29:35.040Z,"southern Mid-Atlantic Ridge",earthquake,10.6,4,0.145,16,reviewed,us,us
2015-02-20T22:37:50.280Z,23.0097,101.7553,10,4.5,mb,,63,2.288,0.75,us,usc000ts0n,2024-06-16T23:48:40.756Z,"148 km WSW of Gejiu, China",earthquake,6.3,1.9,0.115,25,reviewed,us,us
2015-02-20T22:50:56.940Z,14.7171,-93.7936,44.21,4.7,mb,,141,1.127,1.47,us,usc000ts0q,2015-05-12T20:29:36.040Z,"105 km SW of La Esperanza (El Zapotal), Mexico",earthquake,5.4,7.5,0.034,259,reviewed,us,us
2015-02-20T23:56:54.000Z,39.2344,143.7363,14.78,4.7,mb,,135,2.682,0.97,us,usc000ts1l,2015-05-12T20:29:36.040Z,"156 km E of Yamada, Japan",earthquake,8.2,5,0.085,43,reviewed,us,us
2015-02-21T00:57:41.510Z,-20.896,-178.9132,611.05,4.7,mb,,105,4.246,0.78,us,usc000ts1u,2015-05-12T20:29:36.040Z,"Fiji region",earthquake,13.8,7.8,0.069,66,reviewed,us,us
2015-02-21T03:42:48.930Z,39.7592,143.6163,10,4.6,mb,,127,2.28,0.55,us,usc000ts2p,2015-05-12T20:29:36.040Z,"144 km E of Miyako, Japan",earthquake,7.2,1.8,0.067,81,reviewed,us,us
2015-02-21T05:22:50.470Z,-22.9678,171.501,45.07,4.7,mb,,100,4.76,0.84,us,usc000tt1k,2015-05-12T20:29:36.040Z,"southeast of the Loyalty Islands",earthquake,9,8.8,0.117,23,reviewed,us,us
2015-02-21T10:00:53.500Z,-57.1016,-24.9331,10,4.6,mb,,107,17.274,0.97,us,usc000tt1u,2015-05-12T20:29:37.040Z,"South Sandwich Islands region",earthquake,15.8,1.9,0.109,26,reviewed,us,us
2015-02-21T10:13:53.290Z,39.8185,143.4861,7,6,mww,,44,2.208,0.55,us,usc000ts49,2022-07-27T22:24:45.873Z,"133 km E of Miyako, Japan",earthquake,6.7,1.7,,,reviewed,us,us
2015-02-21T10:37:00.800Z,-8.1852,106.7699,36.67,4.7,mb,,94,1.209,0.78,us,usc000ts4a,2015-05-12T20:29:37.040Z,"131 km SSW of Banjar, Indonesia",earthquake,6.2,6.8,0.096,35,reviewed,us,us
2015-02-21T10:38:06.020Z,-16.7709,-14.2013,10,4.8,mb,,155,8.785,0.6,us,usc000tt29,2015-05-12T20:29:37.040Z,"southern Mid-Atlantic Ridge",earthquake,13.9,1.9,0.127,21,reviewed,us,us
2015-02-21T11:12:14.030Z,-16.5132,-14.5061,10,4.5,mb,,149,8.432,0.61,us,usc000tt1s,2015-05-12T20:29:37.040Z,"southern Mid-Atlantic Ridge",earthquake,13.7,1.8,0.221,8,reviewed,us,us
2015-02-21T11:34:06.380Z,-16.8493,-14.1231,10,5.3,mb,,28,8.088,0.76,us,usc000ts4c,2015-05-12T20:29:37.040Z,"southern Mid-Atlantic Ridge",earthquake,10.1,1.8,0.043,185,reviewed,us,us
2015-02-21T12:24:47.720Z,-16.641,-14.2674,10,4.9,mb,,94,8.21,0.44,us,usc000tt22,2015-05-12T20:29:37.040Z,"southern Mid-Atlantic Ridge",earthquake,9.4,1.9,0.099,37,reviewed,us,us
2015-02-21T13:57:07.740Z,9.2534,126.1877,45.81,4.7,mb,,104,9.714,1,us,usc000tt2d,2015-05-12T20:29:37.040Z,"1 km S of Burgos, Philippines",earthquake,5.6,6.4,0.084,44,reviewed,us,us
2015-02-21T17:38:18.990Z,-16.3595,168.6038,26.4,4.6,mb,,120,1.624,0.74,us,usc000tt2q,2015-05-12T20:29:37.040Z,"130 km ESE of Lakatoro, Vanuatu",earthquake,9.3,9,0.157,13,reviewed,us,us
2015-02-21T18:19:32.280Z,6.0609,125.8571,128.76,4.7,mb,,83,1.039,1.14,us,usc000ts5q,2015-05-12T20:29:37.040Z,"17 km E of Lamitan, Philippines",earthquake,8.2,5.4,0.052,111,reviewed,us,us
2015-02-21T18:52:43.160Z,-22.9088,171.5383,22.41,4.8,mb,,120,4.784,1.12,us,usc000tt2b,2015-05-12T20:29:38.040Z,"southeast of the Loyalty Islands",earthquake,7.8,4.8,0.092,36,reviewed,us,us
2015-02-21T19:42:22.160Z,-5.4517,147.129,213.79,5.3,mwb,,19,3.394,0.8,us,usc000ts60,2022-07-27T22:26:35.608Z,"141 km N of Lae, Papua New Guinea",earthquake,6.9,3.9,0.048,42,reviewed,us,us
2015-02-21T19:51:00.280Z,-9.1282,158.5607,33.55,5.1,mb,,48,1.403,0.58,us,usc000ts63,2022-05-03T17:13:58.310Z,"141 km WNW of Malango, Solomon Islands",earthquake,5.9,4.7,0.067,75,reviewed,us,us
2015-02-21T20:05:45.880Z,42.5932,83.9635,29.24,4.5,mb,,67,2.995,0.57,us,usc000ts67,2015-05-12T20:29:38.040Z,"109 km SSE of Xinyuan, China",earthquake,7.3,5.1,0.08,48,reviewed,us,us
2015-02-21T20:46:46.060Z,9.6129,-84.4744,37.7,4.5,mb,,144,0.526,1.39,us,usc000tt23,2015-05-12T20:29:38.040Z,"17 km E of Jacó, Costa Rica",earthquake,6,6.2,0.118,21,reviewed,us,us
2015-02-21T22:26:45.600Z,4.67,-76.18,95,5.1,mb,,,,0.94,us,usc000ts6w,2022-07-27T22:29:19.488Z,"8 km SW of Argelia, Colombia",earthquake,6.9,4.4,0.035,279,reviewed,rsnc,us
2015-02-22T02:53:42.230Z,40.076,143.6209,10,5,mb,,54,1.968,0.65,us,usc000ts7u,2015-05-12T20:29:38.040Z,"151 km ENE of Miyako, Japan",earthquake,4.5,1.8,0.036,250,reviewed,us,us
2015-02-22T03:54:59.920Z,-14.9255,167.4884,116.19,4.6,mb,,146,0.587,0.8,us,usc000ts80,2015-05-12T20:29:38.040Z,"46 km ENE of Port-Olry, Vanuatu",earthquake,11.9,4.6,0.083,44,reviewed,us,us
2015-02-22T05:40:20.070Z,-20.0772,-70.9537,13.15,4.6,mww,,143,0.873,0.78,us,usc000ts8e,2015-05-12T20:29:38.040Z,"85 km W of Iquique, Chile",earthquake,4.7,3.7,,,reviewed,us,us
2015-02-22T06:10:33.740Z,-4.9692,133.9018,10,5.2,mwc,,20,2.62,0.72,us,usc000ts8n,2016-11-10T21:46:35.269Z,"146 km ENE of Tual, Indonesia",earthquake,6.5,1.7,,,reviewed,us,gcmt
2015-02-22T06:42:54.740Z,44.133,85.5676,11.92,5.1,mb,,64,1.575,0.76,us,usc000ts8t,2022-07-27T22:33:17.233Z,"41 km WSW of Shihezi, China",earthquake,5.3,3.1,0.039,211,reviewed,us,us
2015-02-22T07:32:28.480Z,43.7592,147.7249,34.99,4.6,mb,,127,3.724,0.81,us,usc000ts95,2015-05-12T20:29:39.040Z,"80 km E of Shikotan, Russia",earthquake,9.2,7.4,0.076,54,reviewed,us,us
2015-02-22T11:48:24.890Z,-29.0463,-3.9058,10,5.1,mb,,72,13.136,0.78,us,usc000tsa0,2015-05-12T20:29:39.040Z,"South Atlantic Ocean",earthquake,11.4,1.8,0.07,70,reviewed,us,us
2015-02-22T12:19:32.590Z,0.7929,126.2552,36.53,4.7,mb,,66,1.111,0.69,us,usc000tsa1,2015-05-12T20:29:39.040Z,"125 km W of Ternate, Indonesia",earthquake,8.7,7.6,0.11,27,reviewed,us,us
2015-02-22T12:56:24.400Z,2.7299,-76.5012,149,5.5,mww,,29,3.024,0.96,us,usc000tsa5,2022-07-27T22:36:01.079Z,"7 km SSW of Caldono, Colombia",earthquake,7.5,1.9,,,reviewed,us,us
2015-02-22T13:02:16.300Z,-17.9984,-178.3198,593.9,5.1,mb,,23,3.463,0.73,us,usc000tsa8,2015-05-12T20:29:39.040Z,"250 km E of Levuka, Fiji",earthquake,9.5,5.1,0.031,338,reviewed,us,us
2015-02-22T14:23:12.720Z,18.6766,-106.848,5,6.2,mww,,70,5.399,0.7,us,usc000tsak,2022-07-27T22:37:59.691Z,"207 km WSW of José María Morelos, Mexico",earthquake,7.4,1.8,,,reviewed,us,us
2015-02-22T14:36:20.500Z,18.5859,-106.931,10,4.5,mb,,103,2.851,0.82,us,usc000tsam,2015-05-12T20:29:39.040Z,"219 km WSW of José María Morelos, Mexico",earthquake,9.2,1.9,0.052,110,reviewed,us,us
2015-02-22T17:10:54.370Z,20.0083,-45.7125,10,4.8,mb,,103,37.592,0.85,us,usc000tsb1,2015-05-12T20:29:39.040Z,"northern Mid-Atlantic Ridge",earthquake,13.7,1.9,0.088,40,reviewed,us,us
2015-02-22T17:36:31.960Z,20.0665,-46.009,10,4.7,mb,,140,15.123,1.2,us,usc000tt4r,2015-05-12T20:29:39.040Z,"northern Mid-Atlantic Ridge",earthquake,15.3,1.9,0.147,14,reviewed,us,us
2015-02-22T17:49:22.940Z,19.6564,-45.8257,10,4.7,mb,,108,14.677,1.28,us,usc000tt4s,2015-05-12T20:29:39.040Z,"northern Mid-Atlantic Ridge",earthquake,9.7,1.9,0.12,22,reviewed,us,us
2015-02-22T18:21:55.470Z,-14.5904,167.2912,114.41,4.8,mb,,145,0.855,0.8,us,usc000tsbc,2015-05-12T20:29:39.040Z,"55 km NNE of Port-Olry, Vanuatu",earthquake,10.9,7.3,0.082,47,reviewed,us,us
2015-02-22T18:26:52.430Z,-24.2067,-67.0506,167.3,4.8,mww,,59,2.332,1.1,us,usc000tsbd,2015-05-12T20:29:39.040Z,"74 km W of San Antonio de los Cobres, Argentina",earthquake,7.9,3.4,,,reviewed,us,us
2015-02-22T19:43:32.660Z,39.7592,143.2815,10,5.1,mb,,87,2.242,0.66,us,usc000tsbm,2015-05-12T20:29:39.040Z,"115 km E of Miyako, Japan",earthquake,6.6,1.8,0.057,104,reviewed,us,us
2015-02-22T20:25:18.000Z,13.817,-90.407,87.9,4.6,mb,,,,1.48,us,usc000tt4d,2015-05-12T20:29:39.040Z,"28 km SW of Pasaco, Guatemala",earthquake,10.2,8.6,0.145,15,reviewed,snet,us
2015-02-22T21:07:05.000Z,-18.866,-69.286,123.4,4.6,mb,,,,0.38,us,usc000tsc1,2015-05-12T20:29:40.040Z,"115 km ESE of Arica, Chile",earthquake,5.2,3.2,0.089,38,reviewed,guc,us
2015-02-22T21:14:34.000Z,-4.7374,-104.9889,10,4.7,mb,,178,33.899,1.03,us,usc000tt4z,2015-05-12T20:29:40.040Z,"central East Pacific Rise",earthquake,9.2,2,0.184,9,reviewed,us,us
2015-02-22T22:17:07.600Z,-19.2428,-177.4639,576.39,4.7,mb,,83,4.507,0.58,us,usc000tsck,2015-05-12T20:29:40.040Z,"Fiji region",earthquake,12.3,7.3,0.069,66,reviewed,us,us
2015-02-23T00:09:36.780Z,-3.4681,138.887,85.5,4.9,mb,,78,6.65,0.68,us,usc000tsdl,2022-07-27T22:42:38.696Z,"216 km WSW of Abepura, Indonesia",earthquake,9.5,6.2,0.066,74,reviewed,us,us
2015-02-23T00:48:47.170Z,-4.4465,126.3407,374.44,4.6,mb,,23,4.913,0.77,us,usc000tsdq,2015-05-12T20:29:40.040Z,"220 km WSW of Ambon, Indonesia",earthquake,6.6,5.5,0.055,101,reviewed,us,us
2015-02-23T01:37:39.020Z,39.7298,143.6326,10,4.6,mb,,97,2.311,1.18,us,usc000tsdw,2015-05-12T20:29:40.040Z,"145 km E of Miyako, Japan",earthquake,7.5,1.9,0.103,29,reviewed,us,us
2015-02-23T03:19:22.520Z,4.0812,126.2217,52.46,4.5,mb,,125,3.48,1.1,us,usc000ttd4,2015-05-12T20:29:40.040Z,"168 km SSE of Sarangani, Philippines",earthquake,12.7,8.5,0.106,27,reviewed,us,us
2015-02-23T06:32:07.690Z,10.8233,92.0612,29.72,4.5,mb,,120,1.064,0.9,us,usc000tses,2015-05-12T20:29:41.040Z,"119 km SW of Port Blair, India",earthquake,8.3,4.3,0.113,25,reviewed,us,us
2015-02-23T08:00:08.040Z,35.4867,140.3003,35,4.6,mb,,115,0.747,1.2,us,usc000tsf4,2022-07-27T22:44:24.784Z,"3 km SSW of ?ami, Japan",earthquake,4.6,2,0.059,85,reviewed,us,us
2015-02-23T09:05:38.710Z,-5.6612,152.6592,41.32,4.7,mb,,67,1.541,0.85,us,usc000tsfg,2015-05-12T20:29:41.040Z,"152 km SSE of Kokopo, Papua New Guinea",earthquake,10.1,7.3,0.091,37,reviewed,us,us
2015-02-23T10:25:06.180Z,-36.5148,177.267,24.92,5.2,mww,,,,1.25,us,usc000tsfu,2015-05-12T20:29:41.040Z,"138 km ENE of Tairua, New Zealand",earthquake,7.9,4.2,,,reviewed,wel,us
2015-02-23T12:42:03.750Z,13.0087,51.0839,10,4.8,mb,,105,2.874,0.75,us,usc000tsg2,2015-05-12T20:29:41.040Z,"120 km NNE of Caluula, Somalia",earthquake,7.2,1.7,0.095,39,reviewed,us,us
2015-02-23T14:24:52.860Z,-23.8261,179.9609,527.41,4.6,mb,,115,6.308,0.63,us,usc000ttdh,2015-05-12T20:29:41.040Z,"south of the Fiji Islands",earthquake,12,9,0.099,31,reviewed,us,us
2015-02-23T15:59:08.060Z,52.6609,-34.0968,15.02,4.5,mb,,143,15.12,0.63,us,usc000ttdr,2015-05-12T20:29:41.040Z,"Reykjanes Ridge",earthquake,14.9,6.1,0.139,18,reviewed,us,us
2015-02-23T16:03:33.070Z,-17.6652,-178.7355,556.52,4.6,mb,,79,3.062,0.88,us,usc000ttd9,2015-05-12T20:29:41.040Z,"211 km ENE of Levuka, Fiji",earthquake,9.6,6.5,0.079,48,reviewed,us,us
2015-02-23T16:16:29.500Z,39.0574,-2.6729,7.6,4.5,mwr,,17,0.97,0.74,us,usc000tsgt,2022-08-07T07:50:52.376Z,"12 km NNE of Ossa de Montiel, Spain",earthquake,3.6,3.6,0.083,14,reviewed,us,us
2015-02-23T16:21:32.000Z,6.0242,126.2825,73.04,4.6,mb,,44,1.251,0.79,us,usc000tsgx,2015-05-12T20:29:42.040Z,"39 km SSE of Pondaguitan, Philippines",earthquake,7.9,5.3,0.077,54,reviewed,us,us
2015-02-23T17:15:52.330Z,-26.3495,71.52,10,4.5,mb,,228,51.898,0.53,us,usc000ttdx,2015-05-12T20:29:42.040Z,"Mid-Indian Ridge",earthquake,22,2,0.164,11,reviewed,us,us
2015-02-23T18:28:20.970Z,-59.9783,-26.3324,71.78,4.7,mb,,100,7.938,0.68,us,usc000tshm,2015-05-12T20:29:42.040Z,"South Sandwich Islands region",earthquake,13.9,7.6,0.13,24,reviewed,us,us
2015-02-24T01:31:51.370Z,-54.1002,-136.1222,15.14,4.9,mb,,64,35.601,0.72,us,usc000ttn6,2015-05-12T20:29:42.040Z,"Pacific-Antarctic Ridge",earthquake,15,3.6,0.132,20,reviewed,us,us
2015-02-24T02:28:54.090Z,39.6546,143.1982,20,5.8,mww,,19,2.238,0.46,us,usc000tski,2022-07-27T22:53:10.524Z,"107 km E of Miyako, Japan",earthquake,6.5,1.8,,,reviewed,us,us
2015-02-24T02:50:31.840Z,31.155,141.548,36.85,4.5,mb,,119,2.446,0.75,us,usc000ttna,2015-05-12T20:29:42.040Z,"Izu Islands, Japan region",earthquake,8.1,3.4,0.128,20,reviewed,us,us
2015-02-24T02:58:52.010Z,-13.4385,167.0392,115.6,4.7,mb,,153,2.003,0.78,us,usc000tskq,2015-05-12T20:29:43.040Z,"73 km NW of Sola, Vanuatu",earthquake,12.1,3.3,0.077,55,reviewed,us,us
2015-02-24T03:13:02.180Z,-21.072,-179.0166,614.06,4.7,mb,,52,4.313,0.38,us,usc000tskx,2015-05-12T20:29:43.040Z,"Fiji region",earthquake,11.4,6.2,0.045,173,reviewed,us,us
2015-02-24T04:29:58.000Z,6.842,-73.117,152.5,4.7,mwr,,,,0.51,us,usc000tsl9,2022-07-27T22:54:54.686Z,"12 km N of Jordán, Colombia",earthquake,7.5,5.9,,,reviewed,rsnc,rsnc
2015-02-24T05:13:50.410Z,-22.7448,-66.6628,188.95,5.3,mww,,44,2.08,1.03,us,usc000tsli,2022-07-27T22:55:51.998Z,"99 km W of Abra Pampa, Argentina",earthquake,6.1,3.9,,,reviewed,us,us
2015-02-24T05:14:02.000Z,-32.628,-71.706,60.2,4.9,mb,,,,1.2,us,usc000tslh,2022-07-27T23:21:30.198Z,"45 km N of Valparaíso, Chile",earthquake,6.4,6.7,0.323,3,reviewed,guc,us
2015-02-24T06:23:06.460Z,-5.5752,147.1651,192.73,4.6,mb,,43,3.804,0.87,us,usc000tslx,2022-07-27T22:57:43.544Z,"128 km N of Lae, Papua New Guinea",earthquake,8.9,3,0.09,37,reviewed,us,us
2015-02-24T06:54:48.520Z,0.9982,-26.1018,10,5.4,mwc,,43,14.1,1.05,us,usc000tsm5,2016-11-10T21:46:37.498Z,"central Mid-Atlantic Ridge",earthquake,12.1,1.8,,,reviewed,us,gcmt
2015-02-24T07:25:12.380Z,24.8262,125.3646,47.21,4.6,mb,,116,2.171,0.78,us,usc000tsmk,2015-05-12T20:29:43.040Z,"6 km ENE of Hirara, Japan",earthquake,5.9,8.4,0.088,40,reviewed,us,us
2015-02-24T10:23:01.220Z,13.0294,51.1006,10,4.9,mb,,73,2.861,0.77,us,usc000tspj,2015-05-12T20:29:43.040Z,"Gulf of Aden",earthquake,7.9,1.8,0.063,79,reviewed,us,us
2015-02-24T10:36:14.700Z,39.0435,142.1477,35,4.6,mb,,102,1.584,1.17,us,usc000tspl,2015-05-12T20:29:44.040Z,"35 km SE of Kamaishi, Japan",earthquake,3.2,2,0.07,60,reviewed,us,us
2015-02-24T13:11:24.390Z,13.0279,51.1443,10,4.9,mb,,100,2.819,0.87,us,usc000tsrk,2015-05-12T20:29:44.040Z,"124 km NNE of Caluula, Somalia",earthquake,3.6,1.8,0.063,87,reviewed,us,us
2015-02-24T14:30:24.820Z,36.5143,70.6999,202.4,4.5,mb,,72,0.618,0.75,us,usc000tsrr,2015-05-12T20:29:44.040Z,"40 km SSW of Jurm, Afghanistan",earthquake,4.2,6.3,0.062,79,reviewed,us,us
2015-02-24T15:42:34.470Z,-37.6183,-179.6854,24.16,4.6,mb,,220,1.596,0.55,us,usc000ttni,2015-05-12T20:29:44.040Z,"232 km ENE of Gisborne, New Zealand",earthquake,11,10.3,0.151,14,reviewed,us,us
2015-02-24T16:36:43.940Z,-18.8919,169.2628,246.54,4.7,mb,,78,3.951,0.66,us,usc000tstj,2015-05-12T20:29:44.040Z,"71 km N of Isangel, Vanuatu",earthquake,8.1,6,0.053,118,reviewed,us,us
2015-02-24T20:49:46.770Z,-0.1824,122.9533,104.2,4.6,mb,,48,0.872,0.97,us,usc000tsw3,2015-05-12T20:29:44.040Z,"80 km S of Gorontalo, Indonesia",earthquake,5.6,6.2,0.093,35,reviewed,us,us
2015-02-24T23:43:18.140Z,-10.3658,23.4785,10,5.1,mb,,78,6.702,1.26,us,usc000tsyj,2024-06-16T23:48:50.743Z,"142 km ENE of Luau, Angola",earthquake,8.3,1.8,0.075,62,reviewed,us,us
2015-02-25T01:31:41.500Z,6.0816,119.8398,9,5.7,mww,,27,1.609,0.93,us,usc000tszg,2022-05-03T18:22:36.337Z,"81 km WSW of Pandan Niog, Philippines",earthquake,5.4,1.6,,,reviewed,us,us
2015-02-25T02:19:27.380Z,44.3992,148.6808,60.13,4.6,mb,,105,4.382,0.77,us,usc000tszl,2015-05-12T20:29:44.040Z,"111 km SE of Kuril’sk, Russia",earthquake,9.4,6.1,0.063,82,reviewed,us,us
2015-02-25T03:02:39.670Z,1.7463,126.3714,35.86,5.3,mb,,33,1.388,0.52,us,usc000tszv,2022-05-03T17:14:04.639Z,"154 km NW of Ternate, Indonesia",earthquake,6.3,4.7,0.045,172,reviewed,us,us
2015-02-25T03:42:34.100Z,31.8371,140.7755,58.37,4.6,mb,,62,1.511,0.54,us,usc000tt01,2015-05-12T20:29:45.040Z,"Izu Islands, Japan region",earthquake,6.2,5.8,0.064,77,reviewed,us,us
2015-02-25T06:07:40.620Z,-60.8295,-41.7643,10,4.7,mb,,106,7.148,0.84,us,usc000ttpr,2015-05-12T20:29:45.040Z,"Scotia Sea",earthquake,7,1.9,0.142,15,reviewed,us,us
2015-02-25T07:01:00.930Z,31.0659,141.8201,9,5.9,mww,,34,2.659,1.28,us,usc000tt0x,2022-05-03T18:22:37.510Z,"Izu Islands, Japan region",earthquake,6.9,1.7,,,reviewed,us,us
2015-02-25T08:00:32.820Z,51.6285,-176.9236,63.07,4.6,mb,,128,0.294,1.05,us,usc000tt14,2023-07-25T20:28:33.280Z,"33 km SW of Adak, Alaska",earthquake,7,3,0.04,188,reviewed,us,us
2015-02-25T08:29:31.100Z,1.3387,97.0926,32.9,4.9,mb,,106,0.484,0.65,us,usc000tt18,2015-05-12T20:29:45.040Z,"130 km SW of Singkil, Indonesia",earthquake,7.7,5.9,0.074,57,reviewed,us,us
2015-02-25T08:34:45.400Z,31.642,50.997,10,4.7,mb,,,,1,us,usc000tt19,2015-05-12T20:29:45.040Z,"45 km SW of Bor?jen, Iran",earthquake,5,1.8,0.12,25,reviewed,teh,us
2015-02-25T10:32:03.380Z,39.3613,143.3682,17.34,4.9,mb,,126,2.509,0.87,us,usc000tt30,2022-07-27T23:07:34.900Z,"122 km E of Yamada, Japan",earthquake,5,4.5,0.056,106,reviewed,us,us
2015-02-25T13:48:31.150Z,-40.088,-16.3752,10,5,mb,,71,32.387,0.96,us,usc000tt3i,2015-05-12T20:29:45.040Z,"southern Mid-Atlantic Ridge",earthquake,12,1.8,0.092,41,reviewed,us,us
2015-02-25T14:55:58.550Z,-31.1824,-69.0658,122.35,4.6,mb,,49,0.487,0.85,us,usc000tt3l,2022-07-27T23:09:27.882Z,"37 km ENE of Calingasta, Argentina",earthquake,6.8,3.6,0.136,16,reviewed,us,us
2015-02-25T19:09:03.510Z,-17.848,-178.6108,573.8,4.5,mb,,96,3.18,0.79,us,usc000tt6d,2015-05-12T20:29:46.040Z,"220 km E of Levuka, Fiji",earthquake,13.8,8.5,0.05,136,reviewed,us,us
2015-02-25T19:33:08.800Z,-36.583,177.275,12,5.1,mwr,,,,1.29,us,usc000tt6i,2022-07-27T23:12:18.853Z,"135 km ENE of Tairua, New Zealand",earthquake,6.9,3.9,0.098,10,reviewed,wel,us
2015-02-25T19:36:56.160Z,-18.7135,-174.9617,45.09,4.9,mb,,70,4.78,0.67,us,usc000tt6u,2015-05-12T20:29:46.040Z,"103 km W of Neiafu, Tonga",earthquake,9.1,6,0.064,77,reviewed,us,us
2015-02-25T23:23:18.040Z,-52.9716,22.2815,10,4.5,mb,,88,20.608,0.56,us,usc000ttp8,2015-05-12T20:29:46.040Z,"south of Africa",earthquake,14.1,1.8,0.205,8,reviewed,us,us
2015-02-26T01:11:23.800Z,38.4821,142.0433,52.04,5,mwr,,74,1.162,0.35,us,usc000ttaf,2022-07-27T23:16:50.086Z,"65 km E of Ishinomaki, Japan",earthquake,6.1,5.2,0.069,20,reviewed,us,us
2015-02-26T02:05:08.470Z,34.6771,-36.6833,15.05,4.6,mb,,101,25.338,0.33,us,usc000tulw,2015-05-19T00:28:38.040Z,"northern Mid-Atlantic Ridge",earthquake,12.3,5.2,0.158,14,reviewed,us,us
2015-02-26T06:26:52.180Z,-19.9821,-173.7746,8.74,5.4,mwb,,33,6.333,0.48,us,usc000ttbc,2015-05-19T00:28:39.040Z,"63 km ESE of Pangai, Tonga",earthquake,6.3,2.8,0.041,57,reviewed,us,us
2015-02-26T07:26:37.870Z,43.5642,149.0238,60.05,4.6,mb,,189,4.586,0.43,us,usc000ttbr,2015-05-19T00:28:40.040Z,"187 km E of Shikotan, Russia",earthquake,11.9,9.9,0.136,18,reviewed,us,us
2015-02-26T09:45:39.410Z,50.1375,-175.8006,35,5.4,mb,,64,1.834,1.1,us,usc000ttcc,2023-08-18T16:53:27.681Z,"201 km SSE of Adak, Alaska",earthquake,6.4,1.9,0.025,553,reviewed,us,us
2015-02-26T10:35:53.950Z,2.51,126.7118,50.06,4.7,mb,,98,1.846,1.01,us,usc000ttce,2015-05-19T00:28:42.040Z,"168 km WNW of Tobelo, Indonesia",earthquake,8.2,7.6,0.07,61,reviewed,us,us
2015-02-26T13:58:12.060Z,36.4499,70.985,143.52,4.7,mb,,75,0.75,1.3,us,usc000ttcj,2015-05-19T00:28:42.040Z,"47 km SSE of Jurm, Afghanistan",earthquake,6.4,6.4,0.091,37,reviewed,us,us
2015-02-26T15:04:16.520Z,1.3892,125.7579,106.82,4.7,mb,,51,1.721,1.34,us,usc000ttcn,2015-05-19T00:28:43.040Z,"87 km E of Laikit, Laikit II (Dimembe), Indonesia",earthquake,3.8,7.8,0.085,42,reviewed,us,us
2015-02-26T18:48:36.570Z,-0.8978,135.3217,74.18,4.6,mb,,122,3.669,0.92,us,usc000tter,2015-05-19T00:28:45.040Z,"83 km WNW of Insrom, Indonesia",earthquake,10.1,5.6,0.105,27,reviewed,us,us
2015-02-26T19:15:48.580Z,35.9201,142.241,31.83,4.6,mb,,68,1.689,0.65,us,usc000ttf3,2015-05-19T00:28:45.040Z,"128 km E of Hasaki, Japan",earthquake,7.1,4.7,0.063,76,reviewed,us,us
2015-02-26T21:47:37.310Z,10.0517,126.5889,35,4.5,mb,,75,3.126,0.59,us,usc000tumd,2015-05-19T00:28:47.040Z,"57 km ENE of Pilar, Philippines",earthquake,3.8,2,0.104,28,reviewed,us,us
2015-02-26T21:59:05.140Z,34.671,73.2777,29.74,5.4,mb,,16,1.017,0.86,us,usc000ttgc,2022-07-27T23:19:31.542Z,"23 km E of Battagram, Pakistan",earthquake,4.6,3.6,0.036,270,reviewed,us,us
2015-02-26T22:32:15.250Z,28.0643,131.2395,10,4.7,mb,,49,2.235,0.72,us,usc000ttgt,2015-05-19T00:28:49.040Z,"175 km ESE of Naze, Japan",earthquake,5.2,1.8,0.062,79,reviewed,us,us
2015-02-26T23:07:04.260Z,28.012,131.1844,38.02,4.6,mb,,60,2.183,1.41,us,usc000tth6,2015-05-19T00:28:49.040Z,"171 km ESE of Naze, Japan",earthquake,6.1,6.5,0.119,22,reviewed,us,us
2015-02-26T23:09:12.840Z,-7.2256,155.0026,35,4.6,mb,,87,4.131,0.99,us,usc000tumb,2015-05-19T00:28:49.040Z,"113 km SSW of Panguna, Papua New Guinea",earthquake,8.9,2,0.125,20,reviewed,us,us
2015-02-26T23:44:53.820Z,-5.4602,152.8834,11.27,5.1,mb,,54,1.45,0.73,us,usc000tthp,2022-07-27T23:20:33.778Z,"141 km SSE of Kokopo, Papua New Guinea",earthquake,7.2,4.1,0.049,138,reviewed,us,us
2015-02-27T00:47:38.010Z,-38.1586,-93.8636,10,5.3,mb,,115,12.993,0.85,us,usc000tthz,2015-05-19T00:28:51.040Z,"West Chile Rise",earthquake,10.1,1.8,0.043,190,reviewed,us,us
2015-02-27T03:08:32.050Z,-3.0311,142.6217,10,4.6,mb,,78,18.474,0.62,us,usc000ttii,2015-05-19T00:28:52.040Z,"32 km ENE of Aitape, Papua New Guinea",earthquake,14.5,1.9,0.116,22,reviewed,us,us
2015-02-27T03:14:14.250Z,-3.3515,101.7089,102.42,4.5,mb,,105,1.597,0.59,us,usc000ttih,2015-05-19T00:28:52.040Z,"79 km NW of Bengkulu, Indonesia",earthquake,7.4,4.3,0.099,31,reviewed,us,us
2015-02-27T06:02:51.440Z,-17.7542,-178.1109,521.39,4.7,mb,,79,3.656,0.86,us,usc000ttis,2015-05-19T00:28:53.040Z,"274 km E of Levuka, Fiji",earthquake,12.3,8,0.071,60,reviewed,us,us
2015-02-27T07:58:03.610Z,28.2576,128.2782,139.48,4.9,mb,,88,1.416,0.97,us,usc000ttj3,2015-05-19T00:28:53.040Z,"118 km W of Naze, Japan",earthquake,5.4,7,0.081,48,reviewed,us,us
2015-02-27T08:18:44.510Z,-38.3163,-93.7859,10,4.5,mb,,97,16.783,0.49,us,usc000tuwb,2015-05-19T00:28:54.040Z,"West Chile Rise",earthquake,12,1.9,0.097,31,reviewed,us,us
2015-02-27T10:10:26.320Z,-16.2427,-13.2075,10,4.5,mb,,70,7.178,1.18,us,usc000tuxc,2015-05-19T00:28:54.040Z,"southern Mid-Atlantic Ridge",earthquake,7,1.9,0.171,10,reviewed,us,us
2015-02-27T10:16:18.160Z,16.96,146.0604,10,4.6,mb,,72,0.7,1.06,us,usc000tuvu,2015-05-19T00:28:54.040Z,"196 km N of Saipan, Northern Mariana Islands",earthquake,5.5,1.7,0.119,21,reviewed,us,us
2015-02-27T10:23:37.360Z,17.02,145.8604,10,4.5,mb,,59,0.689,1.31,us,usc000tuvy,2015-05-19T00:28:54.040Z,"200 km N of Saipan, Northern Mariana Islands",earthquake,8.6,1.9,0.135,16,reviewed,us,us
2015-02-27T11:18:25.160Z,-10.0468,161.007,10,4.5,mb,,192,1.206,0.6,us,usc000tuwi,2015-05-19T00:28:55.040Z,"109 km WNW of Kirakira, Solomon Islands",earthquake,11.1,2,0.271,4,reviewed,us,us
2015-02-27T11:35:14.260Z,-7.0531,155.306,63.91,5.3,mb,,20,4.226,0.76,us,usc000ttjq,2022-07-27T23:23:20.449Z,"83 km SSW of Panguna, Papua New Guinea",earthquake,7.7,4.3,0.041,198,reviewed,us,us
2015-02-27T13:45:05.370Z,-7.2968,122.5348,552.06,7,mww,,12,1.362,1.12,us,usc000ttkd,2022-07-27T23:24:17.079Z,"150 km NNE of Maumere, Indonesia",earthquake,7.1,3.6,,,reviewed,us,us
2015-02-27T14:54:07.930Z,9.8824,126.4347,65.46,4.9,mb,,116,9.098,0.83,us,usc000ttmh,2015-05-19T00:28:56.040Z,"36 km E of Pilar, Philippines",earthquake,8,7.7,0.096,38,reviewed,us,us
2015-02-27T15:27:56.700Z,-7.4778,122.5352,565.03,4.9,mb,,52,1.187,0.81,us,usc000ttms,2015-05-19T00:28:57.040Z,"131 km NNE of Maumere, Indonesia",earthquake,10.1,6.7,0.066,73,reviewed,us,us
2015-02-27T16:24:50.560Z,16.9041,145.8303,20.09,5.7,mww,,40,0.571,0.86,us,usc000ttnw,2022-05-03T17:14:21.319Z,"187 km N of Saipan, Northern Mariana Islands",earthquake,6,4.3,,,reviewed,us,us
2015-02-27T16:42:01.880Z,16.9815,145.939,47.25,4.9,mb,,113,0.673,0.92,us,usc000tux6,2015-05-19T00:28:58.040Z,"196 km N of Saipan, Northern Mariana Islands",earthquake,5.8,8.5,0.088,41,reviewed,us,us
2015-02-27T16:45:20.200Z,16.9824,145.8629,28.3,5,mb,,42,0.653,0.61,us,usc000ttp5,2015-05-19T00:28:58.040Z,"196 km N of Saipan, Northern Mariana Islands",earthquake,10.5,4.6,0.077,54,reviewed,us,us
2015-02-27T16:52:01.320Z,16.9865,145.923,17.88,4.8,mb,,88,0.673,0.89,us,usc000ttq8,2015-05-19T00:28:58.040Z,"197 km N of Saipan, Northern Mariana Islands",earthquake,10.8,4.6,0.116,26,reviewed,us,us
2015-02-27T17:22:52.380Z,17.0048,145.9683,6.42,4.7,mb,,128,0.704,0.86,us,usc000tux2,2015-05-19T00:28:58.040Z,"199 km N of Saipan, Northern Mariana Islands",earthquake,10.4,5.5,0.095,34,reviewed,us,us
2015-02-27T17:36:51.490Z,16.9454,145.9009,20.68,4.9,mb,,50,0.627,0.66,us,usc000ttql,2015-05-19T00:28:59.040Z,"192 km N of Saipan, Northern Mariana Islands",earthquake,8,5.4,0.048,141,reviewed,us,us
2015-02-27T17:39:08.400Z,16.9358,145.8918,10,4.6,mb,,263,20.688,0.62,us,usc000tuxa,2015-05-19T00:28:59.040Z,"191 km N of Saipan, Northern Mariana Islands",earthquake,24,2,0.132,17,reviewed,us,us
2015-02-27T17:42:22.240Z,16.9983,145.9033,14.9,4.6,mb,,42,0.678,0.86,us,usc000tuw9,2015-05-19T00:28:59.040Z,"198 km N of Saipan, Northern Mariana Islands",earthquake,7.9,4.3,0.081,45,reviewed,us,us
2015-02-27T18:03:47.950Z,16.9793,145.8784,10,4.6,mb,,94,0.654,1.44,us,usc000tuw0,2015-05-19T00:28:59.040Z,"195 km N of Saipan, Northern Mariana Islands",earthquake,8.2,1.9,0.141,15,reviewed,us,us
2015-02-27T18:42:16.080Z,16.8774,145.9955,14.21,4.5,mb,,135,0.598,0.47,us,usc000tux4,2015-05-19T00:29:00.040Z,"186 km N of Saipan, Northern Mariana Islands",earthquake,7.5,5.6,0.163,11,reviewed,us,us
2015-02-27T19:02:41.380Z,-37.0028,52.4496,13.69,4.9,mb,,51,9.429,1.1,us,usc000ttth,2015-05-19T00:29:00.040Z,"South Indian Ocean",earthquake,9.7,3.3,0.074,57,reviewed,us,us
2015-02-27T19:23:27.130Z,16.4565,145.7519,9.25,4.7,mb,,127,0.121,1.28,us,usc000tuwh,2015-05-19T00:29:01.040Z,"137 km N of Saipan, Northern Mariana Islands",earthquake,6.2,4.1,0.184,9,reviewed,us,us
2015-02-27T19:42:11.160Z,16.955,146.0783,13.21,4.5,mb,,95,0.704,0.26,us,usc000tuvz,2015-05-19T00:29:01.040Z,"195 km N of Saipan, Northern Mariana Islands",earthquake,6.4,5.1,0.156,14,reviewed,us,us
2015-02-27T19:44:16.080Z,16.966,145.9208,22.93,4.7,mb,,76,0.652,0.58,us,usc000ttu4,2015-05-19T00:29:01.040Z,"194 km N of Saipan, Northern Mariana Islands",earthquake,9.8,5.9,0.075,54,reviewed,us,us
2015-02-27T21:46:27.780Z,-17.7414,167.8913,35,4.5,mb,,118,2.374,1.16,us,usc000tux7,2015-05-19T00:29:03.040Z,"44 km W of Port-Vila, Vanuatu",earthquake,6.5,2,0.17,10,reviewed,us,us
2015-02-27T23:46:44.990Z,14.0697,-90.8491,98.56,4.9,mb,,73,0.936,0.93,us,usc000ttvt,2022-07-27T23:28:52.699Z,"14 km S of Masagua, Guatemala",earthquake,6.7,4.6,0.026,462,reviewed,us,us
2015-02-28T00:40:43.170Z,42.6794,144.3392,92.25,4.6,mb,,125,1.099,0.98,us,usc000ttw7,2015-05-19T00:29:05.040Z,"32 km S of Kushiro, Japan",earthquake,8.3,6.7,0.047,132,reviewed,us,us
2015-02-28T01:02:51.600Z,16.9798,145.9228,17.12,5,mb,,24,0.666,0.72,us,usc000ttwj,2022-05-03T17:14:22.151Z,"196 km N of Saipan, Northern Mariana Islands",earthquake,7.4,3.7,0.041,191,reviewed,us,us
2015-02-28T02:14:59.490Z,11.7901,142.17,47.2,4.6,mb,,71,3.183,0.6,us,usc000ttwy,2015-05-19T00:29:06.040Z,"287 km NE of Fais, Micronesia",earthquake,12.4,7.1,0.087,42,reviewed,us,us
2015-02-28T03:45:32.000Z,-36.884,-72.991,35.4,4.8,mb,,,,0.64,us,usc000ttx8,2021-08-26T08:54:14.376Z,"5 km NE of Chiguayante, Chile",earthquake,6.8,4.8,0.075,55,reviewed,guc,us
2015-02-28T04:53:11.170Z,-4.9311,-78.1821,67.42,4.6,mb,,95,2.199,0.45,us,usc000ttxg,2022-07-27T23:31:39.771Z,"80 km NNE of La Peca, Peru",earthquake,7.4,6.2,0.056,95,reviewed,us,us
2015-02-28T05:48:10.710Z,-17.4415,-178.5935,545.3,4.7,mb,,70,3.212,0.73,us,usc000ttxr,2015-05-19T00:29:09.040Z,"232 km ENE of Levuka, Fiji",earthquake,12.8,10.4,0.11,26,reviewed,us,us
2015-02-28T08:40:39.970Z,35.6537,140.7317,48.39,4.9,mwr,,135,0.724,0.97,us,usc000ttya,2022-07-27T23:35:22.857Z,"10 km SE of Asahi, Japan",earthquake,5.9,5.8,0.066,22,reviewed,us,us
2015-02-28T10:53:03.610Z,-8.9066,118.8202,117.87,5.1,mb,,65,3.388,0.91,us,usc000ttz2,2015-05-19T00:29:12.040Z,"50 km SSE of Bima, Indonesia",earthquake,6.8,4.9,0.062,85,reviewed,us,us
2015-02-28T11:13:02.610Z,-3.5853,144.1431,10,4.7,mb,,58,3.565,0.71,us,usc000ttz7,2015-05-19T00:29:12.040Z,"53 km N of Angoram, Papua New Guinea",earthquake,5.5,1.7,0.083,44,reviewed,us,us
2015-02-28T12:28:03.730Z,15.3545,-61.3431,138.53,4.6,mb,,38,0.095,0.61,us,usc000ttzg,2022-07-27T23:38:57.414Z,"1 km SSE of Pont Cassé, Dominica",earthquake,6.9,5,0.041,174,reviewed,us,us
2015-02-28T15:38:01.740Z,1.4487,66.736,10,4.8,mb,,66,10.488,1.19,us,usc000tu0c,2015-05-19T00:29:15.040Z,"Carlsberg Ridge",earthquake,8.3,1.7,0.1,31,reviewed,us,us
2015-02-28T19:27:30.810Z,-56.3493,-27.0752,109.49,5.4,mb,,31,5.759,0.71,us,usc000tu15,2015-05-19T00:29:15.040Z,"South Sandwich Islands region",earthquake,9.7,4.2,0.065,84,reviewed,us,us
2015-02-28T19:50:26.570Z,-3.5061,137.2552,83.89,4.5,mb,,83,5.032,0.82,us,usc000tu1b,2015-05-19T00:29:16.040Z,"195 km E of Nabire, Indonesia",earthquake,9.9,7.4,0.083,44,reviewed,us,us
2015-02-28T20:10:24.000Z,-15.7,-71.99,12,4.8,mb,,,,1.1,us,usc000tu1j,2024-06-16T23:48:55.608Z,"13 km ENE of Huambo, Peru",earthquake,9.6,3.9,0.091,37,reviewed,lim,us
2015-02-28T20:41:24.100Z,23.785,-108.764,3.3,4.7,mb,,,,1.07,us,usc000tu1w,2015-05-19T00:29:17.040Z,"86 km ENE of La Rivera, Mexico",earthquake,7.4,4.6,0.049,129,reviewed,unm,us
2015-02-28T22:06:32.950Z,13.8944,-91.9117,35,4.8,mb,,67,0.66,1.21,us,usc000tu2q,2022-05-03T17:14:28.171Z,"44 km S of Champerico, Guatemala",earthquake,5.4,1.9,0.049,132,reviewed,us,us
2015-02-28T22:39:31.910Z,-4.9346,151.5683,133.95,4.7,mb,,73,0.947,0.81,us,usc000tu2x,2015-05-19T00:29:17.040Z,"101 km SW of Kokopo, Papua New Guinea",earthquake,8.9,7.1,0.075,54,reviewed,us,us
